config_id,distortion_label,original_config_id,phase,family,severity,seed,natoms,rattle_sigma_A,n_rotated_fa,minimum_distance_A,directory
O-FAPI3_parity_01__strong_strain__sev-0.1,strong_strain,O-FAPI3_parity_01,O-FAPI3,strong_strain,0.1,325214090,48,0.0415,0,0.9892526427224831,O-FAPI3/O-FAPI3_parity_01__strong_strain__sev-0.1
O-FAPI3_parity_02__strong_strain__sev-0.2,strong_strain,O-FAPI3_parity_02,O-FAPI3,strong_strain,0.2,190889748,48,0.048,0,1.0133438779668344,O-FAPI3/O-FAPI3_parity_02__strong_strain__sev-0.2
O-FAPI3_parity_03__strong_strain__sev-0.3,strong_strain,O-FAPI3_parity_03,O-FAPI3,strong_strain,0.3,453804613,48,0.05450000000000001,0,1.0041128005091198,O-FAPI3/O-FAPI3_parity_03__strong_strain__sev-0.3
O-FAPI3_parity_04__strong_strain__sev-0.4,strong_strain,O-FAPI3_parity_04,O-FAPI3,strong_strain,0.4,2643381725,48,0.061000000000000006,0,0.9994702885966412,O-FAPI3/O-FAPI3_parity_04__strong_strain__sev-0.4
O-FAPI3_parity_05__strong_strain__sev-0.5,strong_strain,O-FAPI3_parity_05,O-FAPI3,strong_strain,0.5,421189034,48,0.0675,0,1.0190743956458996,O-FAPI3/O-FAPI3_parity_05__strong_strain__sev-0.5
O-FAPI3_parity_06__strong_strain__sev-0.6,strong_strain,O-FAPI3_parity_06,O-FAPI3,strong_strain,0.6,3188385541,48,0.07400000000000001,0,1.0070315181290457,O-FAPI3/O-FAPI3_parity_06__strong_strain__sev-0.6
O-FAPI3_parity_07__strong_strain__sev-0.7,strong_strain,O-FAPI3_parity_07,O-FAPI3,strong_strain,0.7,1151819049,48,0.0805,0,0.9794588852511938,O-FAPI3/O-FAPI3_parity_07__strong_strain__sev-0.7
O-FAPI3_parity_08__strong_strain__sev-0.8,strong_strain,O-FAPI3_parity_08,O-FAPI3,strong_strain,0.8,3735268484,48,0.08700000000000001,0,0.9851309795723603,O-FAPI3/O-FAPI3_parity_08__strong_strain__sev-0.8
O-FAPI3_parity_09__strong_strain__sev-0.9,strong_strain,O-FAPI3_parity_09,O-FAPI3,strong_strain,0.9,2901549199,48,0.0935,0,0.9936415865128683,O-FAPI3/O-FAPI3_parity_09__strong_strain__sev-0.9
O-FAPI3_parity_10__strong_strain__sev-1.0,strong_strain,O-FAPI3_parity_10,O-FAPI3,strong_strain,1.0,1998473427,48,0.1,0,0.9717481881937178,O-FAPI3/O-FAPI3_parity_10__strong_strain__sev-1.0
O-FAPI3_parity_11__global_rattle__sev-0.1,global_rattle,O-FAPI3_parity_11,O-FAPI3,global_rattle,0.1,1508704073,48,0.0565,0,0.8825482056295635,O-FAPI3/O-FAPI3_parity_11__global_rattle__sev-0.1
O-FAPI3_parity_12__global_rattle__sev-0.2,global_rattle,O-FAPI3_parity_12,O-FAPI3,global_rattle,0.2,629855035,48,0.068,0,0.8653329390548736,O-FAPI3/O-FAPI3_parity_12__global_rattle__sev-0.2
O-FAPI3_parity_13__global_rattle__sev-0.3,global_rattle,O-FAPI3_parity_13,O-FAPI3,global_rattle,0.3,1195520627,48,0.0795,0,0.8531388923119247,O-FAPI3/O-FAPI3_parity_13__global_rattle__sev-0.3
O-FAPI3_parity_14__global_rattle__sev-0.4,global_rattle,O-FAPI3_parity_14,O-FAPI3,global_rattle,0.4,2119906931,48,0.091,0,0.8377195244281416,O-FAPI3/O-FAPI3_parity_14__global_rattle__sev-0.4
O-FAPI3_parity_15__global_rattle__sev-0.5,global_rattle,O-FAPI3_parity_15,O-FAPI3,global_rattle,0.5,2252567379,48,0.10250000000000001,0,0.7565978784879986,O-FAPI3/O-FAPI3_parity_15__global_rattle__sev-0.5
O-FAPI3_parity_16__global_rattle__sev-0.6,global_rattle,O-FAPI3_parity_16,O-FAPI3,global_rattle,0.6,3081827767,48,0.114,0,0.6683090051824659,O-FAPI3/O-FAPI3_parity_16__global_rattle__sev-0.6
O-FAPI3_parity_17__global_rattle__sev-0.7,global_rattle,O-FAPI3_parity_17,O-FAPI3,global_rattle,0.7,965541105,48,0.1255,0,0.6676560012001042,O-FAPI3/O-FAPI3_parity_17__global_rattle__sev-0.7
O-FAPI3_parity_18__global_rattle__sev-0.8,global_rattle,O-FAPI3_parity_18,O-FAPI3,global_rattle,0.8,3391614287,48,0.137,0,0.7589943555566,O-FAPI3/O-FAPI3_parity_18__global_rattle__sev-0.8
O-FAPI3_parity_19__global_rattle__sev-0.9,global_rattle,O-FAPI3_parity_19,O-FAPI3,global_rattle,0.9,3963824007,48,0.14850000000000002,0,0.7219324544812168,O-FAPI3/O-FAPI3_parity_19__global_rattle__sev-0.9
O-FAPI3_parity_20__global_rattle__sev-1.0,global_rattle,O-FAPI3_parity_20,O-FAPI3,global_rattle,1.0,3256580899,48,0.16,0,0.6552184277864768,O-FAPI3/O-FAPI3_parity_20__global_rattle__sev-1.0
O-FAPI3_parity_21__cage_rattle__sev-0.1,cage_rattle,O-FAPI3_parity_21,O-FAPI3,cage_rattle,0.1,1560329700,48,0.074,0,1.0189468527998746,O-FAPI3/O-FAPI3_parity_21__cage_rattle__sev-0.1
O-FAPI3_parity_22__cage_rattle__sev-0.2,cage_rattle,O-FAPI3_parity_22,O-FAPI3,cage_rattle,0.2,2069057920,48,0.088,0,1.0189468527998746,O-FAPI3/O-FAPI3_parity_22__cage_rattle__sev-0.2
O-FAPI3_parity_23__cage_rattle__sev-0.3,cage_rattle,O-FAPI3_parity_23,O-FAPI3,cage_rattle,0.3,2485477814,48,0.10200000000000001,0,1.0189468527998746,O-FAPI3/O-FAPI3_parity_23__cage_rattle__sev-0.3
O-FAPI3_parity_24__cage_rattle__sev-0.4,cage_rattle,O-FAPI3_parity_24,O-FAPI3,cage_rattle,0.4,244203023,48,0.116,0,1.0189468527998746,O-FAPI3/O-FAPI3_parity_24__cage_rattle__sev-0.4
O-FAPI3_parity_25__cage_rattle__sev-0.5,cage_rattle,O-FAPI3_parity_25,O-FAPI3,cage_rattle,0.5,574807470,48,0.13,0,1.0189468527998746,O-FAPI3/O-FAPI3_parity_25__cage_rattle__sev-0.5
O-FAPI3_parity_26__cage_rattle__sev-0.6,cage_rattle,O-FAPI3_parity_26,O-FAPI3,cage_rattle,0.6,210030372,48,0.14400000000000002,0,1.0189468527998746,O-FAPI3/O-FAPI3_parity_26__cage_rattle__sev-0.6
O-FAPI3_parity_27__cage_rattle__sev-0.7,cage_rattle,O-FAPI3_parity_27,O-FAPI3,cage_rattle,0.7,3737742803,48,0.158,0,1.0189468527998746,O-FAPI3/O-FAPI3_parity_27__cage_rattle__sev-0.7
O-FAPI3_parity_28__cage_rattle__sev-0.8,cage_rattle,O-FAPI3_parity_28,O-FAPI3,cage_rattle,0.8,3936924065,48,0.17200000000000001,0,1.0189468527998746,O-FAPI3/O-FAPI3_parity_28__cage_rattle__sev-0.8
O-FAPI3_parity_29__cage_rattle__sev-0.9,cage_rattle,O-FAPI3_parity_29,O-FAPI3,cage_rattle,0.9,1456796555,48,0.18600000000000003,0,1.0189468527998746,O-FAPI3/O-FAPI3_parity_29__cage_rattle__sev-0.9
O-FAPI3_parity_30__cage_rattle__sev-1.0,cage_rattle,O-FAPI3_parity_30,O-FAPI3,cage_rattle,1.0,2356252177,48,0.2,0,1.0189468527998746,O-FAPI3/O-FAPI3_parity_30__cage_rattle__sev-1.0
O-FAPI3_parity_31__fa_rotation_cage_rattle__sev-0.1,fa_rotation_cage_rattle,O-FAPI3_parity_31,O-FAPI3,fa_rotation_cage_rattle,0.1,1224571273,48,0.0425,1,1.0189468527998746,O-FAPI3/O-FAPI3_parity_31__fa_rotation_cage_rattle__sev-0.1
O-FAPI3_parity_32__fa_rotation_cage_rattle__sev-0.2,fa_rotation_cage_rattle,O-FAPI3_parity_32,O-FAPI3,fa_rotation_cage_rattle,0.2,2071077401,48,0.05,2,1.0189468527998726,O-FAPI3/O-FAPI3_parity_32__fa_rotation_cage_rattle__sev-0.2
O-FAPI3_parity_33__fa_rotation_cage_rattle__sev-0.3,fa_rotation_cage_rattle,O-FAPI3_parity_33,O-FAPI3,fa_rotation_cage_rattle,0.3,4219772410,48,0.0575,1,1.0189468527998746,O-FAPI3/O-FAPI3_parity_33__fa_rotation_cage_rattle__sev-0.3
O-FAPI3_parity_34__fa_rotation_cage_rattle__sev-0.4,fa_rotation_cage_rattle,O-FAPI3_parity_34,O-FAPI3,fa_rotation_cage_rattle,0.4,2275992225,48,0.065,2,1.0189468527998746,O-FAPI3/O-FAPI3_parity_34__fa_rotation_cage_rattle__sev-0.4
O-FAPI3_parity_35__fa_rotation_cage_rattle__sev-0.5,fa_rotation_cage_rattle,O-FAPI3_parity_35,O-FAPI3,fa_rotation_cage_rattle,0.5,345110448,48,0.07250000000000001,1,1.0189468527998746,O-FAPI3/O-FAPI3_parity_35__fa_rotation_cage_rattle__sev-0.5
O-FAPI3_parity_36__fa_rotation_cage_rattle__sev-0.6,fa_rotation_cage_rattle,O-FAPI3_parity_36,O-FAPI3,fa_rotation_cage_rattle,0.6,4065983421,48,0.08,1,1.0189468527998746,O-FAPI3/O-FAPI3_parity_36__fa_rotation_cage_rattle__sev-0.6
O-FAPI3_parity_37__fa_rotation_cage_rattle__sev-0.7,fa_rotation_cage_rattle,O-FAPI3_parity_37,O-FAPI3,fa_rotation_cage_rattle,0.7,1542055207,48,0.0875,2,1.0189468527998746,O-FAPI3/O-FAPI3_parity_37__fa_rotation_cage_rattle__sev-0.7
O-FAPI3_parity_38__fa_rotation_cage_rattle__sev-0.8,fa_rotation_cage_rattle,O-FAPI3_parity_38,O-FAPI3,fa_rotation_cage_rattle,0.8,938300375,48,0.095,2,1.0189468527998746,O-FAPI3/O-FAPI3_parity_38__fa_rotation_cage_rattle__sev-0.8
O-FAPI3_parity_39__fa_rotation_cage_rattle__sev-0.9,fa_rotation_cage_rattle,O-FAPI3_parity_39,O-FAPI3,fa_rotation_cage_rattle,0.9,3972359667,48,0.10250000000000001,4,1.018946852799874,O-FAPI3/O-FAPI3_parity_39__fa_rotation_cage_rattle__sev-0.9
O-FAPI3_parity_40__fa_rotation_cage_rattle__sev-1.0,fa_rotation_cage_rattle,O-FAPI3_parity_40,O-FAPI3,fa_rotation_cage_rattle,1.0,2602832822,48,0.11,4,1.0189468527998746,O-FAPI3/O-FAPI3_parity_40__fa_rotation_cage_rattle__sev-1.0
O-FAPI3_parity_41__combined_strain_rattle_fa_rotation__sev-0.1,combined_strain_rattle_fa_rotation,O-FAPI3_parity_41,O-FAPI3,combined,0.1,1316860979,48,0.044000000000000004,2,0.9398730770329373,O-FAPI3/O-FAPI3_parity_41__combined_strain_rattle_fa_rotation__sev-0.1
O-FAPI3_parity_42__combined_strain_rattle_fa_rotation__sev-0.2,combined_strain_rattle_fa_rotation,O-FAPI3_parity_42,O-FAPI3,combined,0.2,3663235565,48,0.053000000000000005,2,0.8225597286499351,O-FAPI3/O-FAPI3_parity_42__combined_strain_rattle_fa_rotation__sev-0.2
O-FAPI3_parity_43__combined_strain_rattle_fa_rotation__sev-0.3,combined_strain_rattle_fa_rotation,O-FAPI3_parity_43,O-FAPI3,combined,0.3,1016784231,48,0.062,2,0.8015519767496266,O-FAPI3/O-FAPI3_parity_43__combined_strain_rattle_fa_rotation__sev-0.3
O-FAPI3_parity_44__combined_strain_rattle_fa_rotation__sev-0.4,combined_strain_rattle_fa_rotation,O-FAPI3_parity_44,O-FAPI3,combined,0.4,4222874943,48,0.07100000000000001,3,0.8187876515175674,O-FAPI3/O-FAPI3_parity_44__combined_strain_rattle_fa_rotation__sev-0.4
O-FAPI3_parity_45__combined_strain_rattle_fa_rotation__sev-0.5,combined_strain_rattle_fa_rotation,O-FAPI3_parity_45,O-FAPI3,combined,0.5,3389247742,48,0.08,1,0.9059886550917101,O-FAPI3/O-FAPI3_parity_45__combined_strain_rattle_fa_rotation__sev-0.5
O-FAPI3_parity_46__combined_strain_rattle_fa_rotation__sev-0.6,combined_strain_rattle_fa_rotation,O-FAPI3_parity_46,O-FAPI3,combined,0.6,313057053,48,0.089,4,0.8941433892685583,O-FAPI3/O-FAPI3_parity_46__combined_strain_rattle_fa_rotation__sev-0.6
O-FAPI3_parity_47__combined_strain_rattle_fa_rotation__sev-0.7,combined_strain_rattle_fa_rotation,O-FAPI3_parity_47,O-FAPI3,combined,0.7,502609238,48,0.098,3,0.7622134197646347,O-FAPI3/O-FAPI3_parity_47__combined_strain_rattle_fa_rotation__sev-0.7
O-FAPI3_parity_48__combined_strain_rattle_fa_rotation__sev-0.8,combined_strain_rattle_fa_rotation,O-FAPI3_parity_48,O-FAPI3,combined,0.8,2894601973,48,0.107,3,0.6933388264111288,O-FAPI3/O-FAPI3_parity_48__combined_strain_rattle_fa_rotation__sev-0.8
O-FAPI3_parity_49__combined_strain_rattle_fa_rotation__sev-0.9,combined_strain_rattle_fa_rotation,O-FAPI3_parity_49,O-FAPI3,combined,0.9,801589023,48,0.116,1,0.7600569398584516,O-FAPI3/O-FAPI3_parity_49__combined_strain_rattle_fa_rotation__sev-0.9
O-FAPI3_parity_50__combined_strain_rattle_fa_rotation__sev-1.0,combined_strain_rattle_fa_rotation,O-FAPI3_parity_50,O-FAPI3,combined,1.0,998710103,48,0.125,2,0.8083723339023443,O-FAPI3/O-FAPI3_parity_50__combined_strain_rattle_fa_rotation__sev-1.0
t-FAPI3_parity_01__strong_strain__sev-0.1,strong_strain,t-FAPI3_parity_01,t-FAPI3,strong_strain,0.1,4255478825,24,0.0415,0,1.0147084593670022,t-FAPI3/t-FAPI3_parity_01__strong_strain__sev-0.1
t-FAPI3_parity_02__strong_strain__sev-0.2,strong_strain,t-FAPI3_parity_02,t-FAPI3,strong_strain,0.2,4238884694,24,0.048,0,1.0146936194320708,t-FAPI3/t-FAPI3_parity_02__strong_strain__sev-0.2
t-FAPI3_parity_03__strong_strain__sev-0.3,strong_strain,t-FAPI3_parity_03,t-FAPI3,strong_strain,0.3,348916518,24,0.05450000000000001,0,0.9838590057646618,t-FAPI3/t-FAPI3_parity_03__strong_strain__sev-0.3
t-FAPI3_parity_04__strong_strain__sev-0.4,strong_strain,t-FAPI3_parity_04,t-FAPI3,strong_strain,0.4,1832606906,24,0.061000000000000006,0,0.9933018978095391,t-FAPI3/t-FAPI3_parity_04__strong_strain__sev-0.4
t-FAPI3_parity_05__strong_strain__sev-0.5,strong_strain,t-FAPI3_parity_05,t-FAPI3,strong_strain,0.5,1355814110,24,0.0675,0,1.0084863601722096,t-FAPI3/t-FAPI3_parity_05__strong_strain__sev-0.5
t-FAPI3_parity_06__strong_strain__sev-0.6,strong_strain,t-FAPI3_parity_06,t-FAPI3,strong_strain,0.6,1804874125,24,0.07400000000000001,0,1.002344912738255,t-FAPI3/t-FAPI3_parity_06__strong_strain__sev-0.6
t-FAPI3_parity_07__strong_strain__sev-0.7,strong_strain,t-FAPI3_parity_07,t-FAPI3,strong_strain,0.7,3860205948,24,0.0805,0,0.9817411075253335,t-FAPI3/t-FAPI3_parity_07__strong_strain__sev-0.7
t-FAPI3_parity_08__strong_strain__sev-0.8,strong_strain,t-FAPI3_parity_08,t-FAPI3,strong_strain,0.8,2457624872,24,0.08700000000000001,0,1.0163655908690357,t-FAPI3/t-FAPI3_parity_08__strong_strain__sev-0.8
t-FAPI3_parity_09__strong_strain__sev-0.9,strong_strain,t-FAPI3_parity_09,t-FAPI3,strong_strain,0.9,2273139889,24,0.0935,0,0.9528060285247898,t-FAPI3/t-FAPI3_parity_09__strong_strain__sev-0.9
t-FAPI3_parity_10__strong_strain__sev-1.0,strong_strain,t-FAPI3_parity_10,t-FAPI3,strong_strain,1.0,3665231112,24,0.1,0,1.0363419550461537,t-FAPI3/t-FAPI3_parity_10__strong_strain__sev-1.0
t-FAPI3_parity_11__global_rattle__sev-0.1,global_rattle,t-FAPI3_parity_11,t-FAPI3,global_rattle,0.1,516070498,24,0.0565,0,0.9104961570870672,t-FAPI3/t-FAPI3_parity_11__global_rattle__sev-0.1
t-FAPI3_parity_12__global_rattle__sev-0.2,global_rattle,t-FAPI3_parity_12,t-FAPI3,global_rattle,0.2,347544039,24,0.068,0,0.9322209641919986,t-FAPI3/t-FAPI3_parity_12__global_rattle__sev-0.2
t-FAPI3_parity_13__global_rattle__sev-0.3,global_rattle,t-FAPI3_parity_13,t-FAPI3,global_rattle,0.3,4169345450,24,0.0795,0,0.9035248689615147,t-FAPI3/t-FAPI3_parity_13__global_rattle__sev-0.3
t-FAPI3_parity_14__global_rattle__sev-0.4,global_rattle,t-FAPI3_parity_14,t-FAPI3,global_rattle,0.4,2130594558,24,0.091,0,0.9163500968537249,t-FAPI3/t-FAPI3_parity_14__global_rattle__sev-0.4
t-FAPI3_parity_15__global_rattle__sev-0.5,global_rattle,t-FAPI3_parity_15,t-FAPI3,global_rattle,0.5,158256243,24,0.10250000000000001,0,0.8246171872781697,t-FAPI3/t-FAPI3_parity_15__global_rattle__sev-0.5
t-FAPI3_parity_16__global_rattle__sev-0.6,global_rattle,t-FAPI3_parity_16,t-FAPI3,global_rattle,0.6,896969109,24,0.114,0,0.8825726660536315,t-FAPI3/t-FAPI3_parity_16__global_rattle__sev-0.6
t-FAPI3_parity_17__global_rattle__sev-0.7,global_rattle,t-FAPI3_parity_17,t-FAPI3,global_rattle,0.7,2393940992,24,0.1255,0,0.9112708540289323,t-FAPI3/t-FAPI3_parity_17__global_rattle__sev-0.7
t-FAPI3_parity_18__global_rattle__sev-0.8,global_rattle,t-FAPI3_parity_18,t-FAPI3,global_rattle,0.8,2856594127,24,0.137,0,0.7855965704926291,t-FAPI3/t-FAPI3_parity_18__global_rattle__sev-0.8
t-FAPI3_parity_19__global_rattle__sev-0.9,global_rattle,t-FAPI3_parity_19,t-FAPI3,global_rattle,0.9,3966266754,24,0.14850000000000002,0,0.8334140281460213,t-FAPI3/t-FAPI3_parity_19__global_rattle__sev-0.9
t-FAPI3_parity_20__global_rattle__sev-1.0,global_rattle,t-FAPI3_parity_20,t-FAPI3,global_rattle,1.0,3728018837,24,0.16,0,0.7670848270599872,t-FAPI3/t-FAPI3_parity_20__global_rattle__sev-1.0
t-FAPI3_parity_21__cage_rattle__sev-0.1,cage_rattle,t-FAPI3_parity_21,t-FAPI3,cage_rattle,0.1,2402465726,24,0.074,0,1.0184004805038975,t-FAPI3/t-FAPI3_parity_21__cage_rattle__sev-0.1
t-FAPI3_parity_22__cage_rattle__sev-0.2,cage_rattle,t-FAPI3_parity_22,t-FAPI3,cage_rattle,0.2,1016570348,24,0.088,0,1.0184004805038975,t-FAPI3/t-FAPI3_parity_22__cage_rattle__sev-0.2
t-FAPI3_parity_23__cage_rattle__sev-0.3,cage_rattle,t-FAPI3_parity_23,t-FAPI3,cage_rattle,0.3,2161517035,24,0.10200000000000001,0,1.0184004805038975,t-FAPI3/t-FAPI3_parity_23__cage_rattle__sev-0.3
t-FAPI3_parity_24__cage_rattle__sev-0.4,cage_rattle,t-FAPI3_parity_24,t-FAPI3,cage_rattle,0.4,1500961596,24,0.116,0,1.0184004805038975,t-FAPI3/t-FAPI3_parity_24__cage_rattle__sev-0.4
t-FAPI3_parity_25__cage_rattle__sev-0.5,cage_rattle,t-FAPI3_parity_25,t-FAPI3,cage_rattle,0.5,1548960413,24,0.13,0,1.0184004805038975,t-FAPI3/t-FAPI3_parity_25__cage_rattle__sev-0.5
t-FAPI3_parity_26__cage_rattle__sev-0.6,cage_rattle,t-FAPI3_parity_26,t-FAPI3,cage_rattle,0.6,2824420205,24,0.14400000000000002,0,1.0184004805038975,t-FAPI3/t-FAPI3_parity_26__cage_rattle__sev-0.6
t-FAPI3_parity_27__cage_rattle__sev-0.7,cage_rattle,t-FAPI3_parity_27,t-FAPI3,cage_rattle,0.7,1004451295,24,0.158,0,1.0184004805038975,t-FAPI3/t-FAPI3_parity_27__cage_rattle__sev-0.7
t-FAPI3_parity_28__cage_rattle__sev-0.8,cage_rattle,t-FAPI3_parity_28,t-FAPI3,cage_rattle,0.8,782557651,24,0.17200000000000001,0,1.0184004805038975,t-FAPI3/t-FAPI3_parity_28__cage_rattle__sev-0.8
t-FAPI3_parity_29__cage_rattle__sev-0.9,cage_rattle,t-FAPI3_parity_29,t-FAPI3,cage_rattle,0.9,2384120238,24,0.18600000000000003,0,1.0184004805038975,t-FAPI3/t-FAPI3_parity_29__cage_rattle__sev-0.9
t-FAPI3_parity_30__cage_rattle__sev-1.0,cage_rattle,t-FAPI3_parity_30,t-FAPI3,cage_rattle,1.0,3886812342,24,0.2,0,1.0184004805038975,t-FAPI3/t-FAPI3_parity_30__cage_rattle__sev-1.0
t-FAPI3_parity_31__fa_rotation_cage_rattle__sev-0.1,fa_rotation_cage_rattle,t-FAPI3_parity_31,t-FAPI3,fa_rotation_cage_rattle,0.1,838226761,24,0.0425,2,1.0184004805038989,t-FAPI3/t-FAPI3_parity_31__fa_rotation_cage_rattle__sev-0.1
t-FAPI3_parity_32__fa_rotation_cage_rattle__sev-0.2,fa_rotation_cage_rattle,t-FAPI3_parity_32,t-FAPI3,fa_rotation_cage_rattle,0.2,3583951278,24,0.05,2,1.018400480503898,t-FAPI3/t-FAPI3_parity_32__fa_rotation_cage_rattle__sev-0.2
t-FAPI3_parity_33__fa_rotation_cage_rattle__sev-0.3,fa_rotation_cage_rattle,t-FAPI3_parity_33,t-FAPI3,fa_rotation_cage_rattle,0.3,3663397868,24,0.0575,2,1.0184004805038975,t-FAPI3/t-FAPI3_parity_33__fa_rotation_cage_rattle__sev-0.3
t-FAPI3_parity_34__fa_rotation_cage_rattle__sev-0.4,fa_rotation_cage_rattle,t-FAPI3_parity_34,t-FAPI3,fa_rotation_cage_rattle,0.4,91643594,24,0.065,1,1.0184004805038975,t-FAPI3/t-FAPI3_parity_34__fa_rotation_cage_rattle__sev-0.4
t-FAPI3_parity_35__fa_rotation_cage_rattle__sev-0.5,fa_rotation_cage_rattle,t-FAPI3_parity_35,t-FAPI3,fa_rotation_cage_rattle,0.5,568810594,24,0.07250000000000001,2,1.0184004805038975,t-FAPI3/t-FAPI3_parity_35__fa_rotation_cage_rattle__sev-0.5
t-FAPI3_parity_36__fa_rotation_cage_rattle__sev-0.6,fa_rotation_cage_rattle,t-FAPI3_parity_36,t-FAPI3,fa_rotation_cage_rattle,0.6,795649677,24,0.08,1,1.0184004805038978,t-FAPI3/t-FAPI3_parity_36__fa_rotation_cage_rattle__sev-0.6
t-FAPI3_parity_37__fa_rotation_cage_rattle__sev-0.7,fa_rotation_cage_rattle,t-FAPI3_parity_37,t-FAPI3,fa_rotation_cage_rattle,0.7,2609231216,24,0.0875,2,1.018400480503897,t-FAPI3/t-FAPI3_parity_37__fa_rotation_cage_rattle__sev-0.7
t-FAPI3_parity_38__fa_rotation_cage_rattle__sev-0.8,fa_rotation_cage_rattle,t-FAPI3_parity_38,t-FAPI3,fa_rotation_cage_rattle,0.8,3368606190,24,0.095,2,1.018400480503899,t-FAPI3/t-FAPI3_parity_38__fa_rotation_cage_rattle__sev-0.8
t-FAPI3_parity_39__fa_rotation_cage_rattle__sev-0.9,fa_rotation_cage_rattle,t-FAPI3_parity_39,t-FAPI3,fa_rotation_cage_rattle,0.9,3575675057,24,0.10250000000000001,1,1.0184004805038975,t-FAPI3/t-FAPI3_parity_39__fa_rotation_cage_rattle__sev-0.9
t-FAPI3_parity_40__fa_rotation_cage_rattle__sev-1.0,fa_rotation_cage_rattle,t-FAPI3_parity_40,t-FAPI3,fa_rotation_cage_rattle,1.0,832899202,24,0.11,2,1.0184004805038978,t-FAPI3/t-FAPI3_parity_40__fa_rotation_cage_rattle__sev-1.0
t-FAPI3_parity_41__combined_strain_rattle_fa_rotation__sev-0.1,combined_strain_rattle_fa_rotation,t-FAPI3_parity_41,t-FAPI3,combined,0.1,1496963730,24,0.044000000000000004,1,0.9378376577962787,t-FAPI3/t-FAPI3_parity_41__combined_strain_rattle_fa_rotation__sev-0.1
t-FAPI3_parity_42__combined_strain_rattle_fa_rotation__sev-0.2,combined_strain_rattle_fa_rotation,t-FAPI3_parity_42,t-FAPI3,combined,0.2,4025090763,24,0.053000000000000005,2,0.925432976972807,t-FAPI3/t-FAPI3_parity_42__combined_strain_rattle_fa_rotation__sev-0.2
t-FAPI3_parity_43__combined_strain_rattle_fa_rotation__sev-0.3,combined_strain_rattle_fa_rotation,t-FAPI3_parity_43,t-FAPI3,combined,0.3,746978458,24,0.062,1,0.8294558016645833,t-FAPI3/t-FAPI3_parity_43__combined_strain_rattle_fa_rotation__sev-0.3
t-FAPI3_parity_44__combined_strain_rattle_fa_rotation__sev-0.4,combined_strain_rattle_fa_rotation,t-FAPI3_parity_44,t-FAPI3,combined,0.4,1877520591,24,0.07100000000000001,1,0.8588306317884453,t-FAPI3/t-FAPI3_parity_44__combined_strain_rattle_fa_rotation__sev-0.4
t-FAPI3_parity_45__combined_strain_rattle_fa_rotation__sev-0.5,combined_strain_rattle_fa_rotation,t-FAPI3_parity_45,t-FAPI3,combined,0.5,3650707289,24,0.08,2,0.8627678515078919,t-FAPI3/t-FAPI3_parity_45__combined_strain_rattle_fa_rotation__sev-0.5
t-FAPI3_parity_46__combined_strain_rattle_fa_rotation__sev-0.6,combined_strain_rattle_fa_rotation,t-FAPI3_parity_46,t-FAPI3,combined,0.6,4125719901,24,0.089,2,0.9352103473268168,t-FAPI3/t-FAPI3_parity_46__combined_strain_rattle_fa_rotation__sev-0.6
t-FAPI3_parity_47__combined_strain_rattle_fa_rotation__sev-0.7,combined_strain_rattle_fa_rotation,t-FAPI3_parity_47,t-FAPI3,combined,0.7,941248242,24,0.098,1,0.8596327481656676,t-FAPI3/t-FAPI3_parity_47__combined_strain_rattle_fa_rotation__sev-0.7
t-FAPI3_parity_48__combined_strain_rattle_fa_rotation__sev-0.8,combined_strain_rattle_fa_rotation,t-FAPI3_parity_48,t-FAPI3,combined,0.8,1565246092,24,0.107,2,0.6984931951790653,t-FAPI3/t-FAPI3_parity_48__combined_strain_rattle_fa_rotation__sev-0.8
t-FAPI3_parity_49__combined_strain_rattle_fa_rotation__sev-0.9,combined_strain_rattle_fa_rotation,t-FAPI3_parity_49,t-FAPI3,combined,0.9,2341345283,24,0.116,1,0.8228345814351883,t-FAPI3/t-FAPI3_parity_49__combined_strain_rattle_fa_rotation__sev-0.9
t-FAPI3_parity_50__combined_strain_rattle_fa_rotation__sev-1.0,combined_strain_rattle_fa_rotation,t-FAPI3_parity_50,t-FAPI3,combined,1.0,2401096036,24,0.125,2,0.8971315493880807,t-FAPI3/t-FAPI3_parity_50__combined_strain_rattle_fa_rotation__sev-1.0
