original_config_id,config_id,old_directory,directory
O-FAPI3_parity_01,O-FAPI3_parity_01__strong_strain__sev-0.1,O-FAPI3/O-FAPI3_parity_01,O-FAPI3/O-FAPI3_parity_01__strong_strain__sev-0.1
O-FAPI3_parity_02,O-FAPI3_parity_02__strong_strain__sev-0.2,O-FAPI3/O-FAPI3_parity_02,O-FAPI3/O-FAPI3_parity_02__strong_strain__sev-0.2
O-FAPI3_parity_03,O-FAPI3_parity_03__strong_strain__sev-0.3,O-FAPI3/O-FAPI3_parity_03,O-FAPI3/O-FAPI3_parity_03__strong_strain__sev-0.3
O-FAPI3_parity_04,O-FAPI3_parity_04__strong_strain__sev-0.4,O-FAPI3/O-FAPI3_parity_04,O-FAPI3/O-FAPI3_parity_04__strong_strain__sev-0.4
O-FAPI3_parity_05,O-FAPI3_parity_05__strong_strain__sev-0.5,O-FAPI3/O-FAPI3_parity_05,O-FAPI3/O-FAPI3_parity_05__strong_strain__sev-0.5
O-FAPI3_parity_06,O-FAPI3_parity_06__strong_strain__sev-0.6,O-FAPI3/O-FAPI3_parity_06,O-FAPI3/O-FAPI3_parity_06__strong_strain__sev-0.6
O-FAPI3_parity_07,O-FAPI3_parity_07__strong_strain__sev-0.7,O-FAPI3/O-FAPI3_parity_07,O-FAPI3/O-FAPI3_parity_07__strong_strain__sev-0.7
O-FAPI3_parity_08,O-FAPI3_parity_08__strong_strain__sev-0.8,O-FAPI3/O-FAPI3_parity_08,O-FAPI3/O-FAPI3_parity_08__strong_strain__sev-0.8
O-FAPI3_parity_09,O-FAPI3_parity_09__strong_strain__sev-0.9,O-FAPI3/O-FAPI3_parity_09,O-FAPI3/O-FAPI3_parity_09__strong_strain__sev-0.9
O-FAPI3_parity_10,O-FAPI3_parity_10__strong_strain__sev-1.0,O-FAPI3/O-FAPI3_parity_10,O-FAPI3/O-FAPI3_parity_10__strong_strain__sev-1.0
O-FAPI3_parity_11,O-FAPI3_parity_11__global_rattle__sev-0.1,O-FAPI3/O-FAPI3_parity_11,O-FAPI3/O-FAPI3_parity_11__global_rattle__sev-0.1
O-FAPI3_parity_12,O-FAPI3_parity_12__global_rattle__sev-0.2,O-FAPI3/O-FAPI3_parity_12,O-FAPI3/O-FAPI3_parity_12__global_rattle__sev-0.2
O-FAPI3_parity_13,O-FAPI3_parity_13__global_rattle__sev-0.3,O-FAPI3/O-FAPI3_parity_13,O-FAPI3/O-FAPI3_parity_13__global_rattle__sev-0.3
O-FAPI3_parity_14,O-FAPI3_parity_14__global_rattle__sev-0.4,O-FAPI3/O-FAPI3_parity_14,O-FAPI3/O-FAPI3_parity_14__global_rattle__sev-0.4
O-FAPI3_parity_15,O-FAPI3_parity_15__global_rattle__sev-0.5,O-FAPI3/O-FAPI3_parity_15,O-FAPI3/O-FAPI3_parity_15__global_rattle__sev-0.5
O-FAPI3_parity_16,O-FAPI3_parity_16__global_rattle__sev-0.6,O-FAPI3/O-FAPI3_parity_16,O-FAPI3/O-FAPI3_parity_16__global_rattle__sev-0.6
O-FAPI3_parity_17,O-FAPI3_parity_17__global_rattle__sev-0.7,O-FAPI3/O-FAPI3_parity_17,O-FAPI3/O-FAPI3_parity_17__global_rattle__sev-0.7
O-FAPI3_parity_18,O-FAPI3_parity_18__global_rattle__sev-0.8,O-FAPI3/O-FAPI3_parity_18,O-FAPI3/O-FAPI3_parity_18__global_rattle__sev-0.8
O-FAPI3_parity_19,O-FAPI3_parity_19__global_rattle__sev-0.9,O-FAPI3/O-FAPI3_parity_19,O-FAPI3/O-FAPI3_parity_19__global_rattle__sev-0.9
O-FAPI3_parity_20,O-FAPI3_parity_20__global_rattle__sev-1.0,O-FAPI3/O-FAPI3_parity_20,O-FAPI3/O-FAPI3_parity_20__global_rattle__sev-1.0
O-FAPI3_parity_21,O-FAPI3_parity_21__cage_rattle__sev-0.1,O-FAPI3/O-FAPI3_parity_21,O-FAPI3/O-FAPI3_parity_21__cage_rattle__sev-0.1
O-FAPI3_parity_22,O-FAPI3_parity_22__cage_rattle__sev-0.2,O-FAPI3/O-FAPI3_parity_22,O-FAPI3/O-FAPI3_parity_22__cage_rattle__sev-0.2
O-FAPI3_parity_23,O-FAPI3_parity_23__cage_rattle__sev-0.3,O-FAPI3/O-FAPI3_parity_23,O-FAPI3/O-FAPI3_parity_23__cage_rattle__sev-0.3
O-FAPI3_parity_24,O-FAPI3_parity_24__cage_rattle__sev-0.4,O-FAPI3/O-FAPI3_parity_24,O-FAPI3/O-FAPI3_parity_24__cage_rattle__sev-0.4
O-FAPI3_parity_25,O-FAPI3_parity_25__cage_rattle__sev-0.5,O-FAPI3/O-FAPI3_parity_25,O-FAPI3/O-FAPI3_parity_25__cage_rattle__sev-0.5
O-FAPI3_parity_26,O-FAPI3_parity_26__cage_rattle__sev-0.6,O-FAPI3/O-FAPI3_parity_26,O-FAPI3/O-FAPI3_parity_26__cage_rattle__sev-0.6
O-FAPI3_parity_27,O-FAPI3_parity_27__cage_rattle__sev-0.7,O-FAPI3/O-FAPI3_parity_27,O-FAPI3/O-FAPI3_parity_27__cage_rattle__sev-0.7
O-FAPI3_parity_28,O-FAPI3_parity_28__cage_rattle__sev-0.8,O-FAPI3/O-FAPI3_parity_28,O-FAPI3/O-FAPI3_parity_28__cage_rattle__sev-0.8
O-FAPI3_parity_29,O-FAPI3_parity_29__cage_rattle__sev-0.9,O-FAPI3/O-FAPI3_parity_29,O-FAPI3/O-FAPI3_parity_29__cage_rattle__sev-0.9
O-FAPI3_parity_30,O-FAPI3_parity_30__cage_rattle__sev-1.0,O-FAPI3/O-FAPI3_parity_30,O-FAPI3/O-FAPI3_parity_30__cage_rattle__sev-1.0
O-FAPI3_parity_31,O-FAPI3_parity_31__fa_rotation_cage_rattle__sev-0.1,O-FAPI3/O-FAPI3_parity_31,O-FAPI3/O-FAPI3_parity_31__fa_rotation_cage_rattle__sev-0.1
O-FAPI3_parity_32,O-FAPI3_parity_32__fa_rotation_cage_rattle__sev-0.2,O-FAPI3/O-FAPI3_parity_32,O-FAPI3/O-FAPI3_parity_32__fa_rotation_cage_rattle__sev-0.2
O-FAPI3_parity_33,O-FAPI3_parity_33__fa_rotation_cage_rattle__sev-0.3,O-FAPI3/O-FAPI3_parity_33,O-FAPI3/O-FAPI3_parity_33__fa_rotation_cage_rattle__sev-0.3
O-FAPI3_parity_34,O-FAPI3_parity_34__fa_rotation_cage_rattle__sev-0.4,O-FAPI3/O-FAPI3_parity_34,O-FAPI3/O-FAPI3_parity_34__fa_rotation_cage_rattle__sev-0.4
O-FAPI3_parity_35,O-FAPI3_parity_35__fa_rotation_cage_rattle__sev-0.5,O-FAPI3/O-FAPI3_parity_35,O-FAPI3/O-FAPI3_parity_35__fa_rotation_cage_rattle__sev-0.5
O-FAPI3_parity_36,O-FAPI3_parity_36__fa_rotation_cage_rattle__sev-0.6,O-FAPI3/O-FAPI3_parity_36,O-FAPI3/O-FAPI3_parity_36__fa_rotation_cage_rattle__sev-0.6
O-FAPI3_parity_37,O-FAPI3_parity_37__fa_rotation_cage_rattle__sev-0.7,O-FAPI3/O-FAPI3_parity_37,O-FAPI3/O-FAPI3_parity_37__fa_rotation_cage_rattle__sev-0.7
O-FAPI3_parity_38,O-FAPI3_parity_38__fa_rotation_cage_rattle__sev-0.8,O-FAPI3/O-FAPI3_parity_38,O-FAPI3/O-FAPI3_parity_38__fa_rotation_cage_rattle__sev-0.8
O-FAPI3_parity_39,O-FAPI3_parity_39__fa_rotation_cage_rattle__sev-0.9,O-FAPI3/O-FAPI3_parity_39,O-FAPI3/O-FAPI3_parity_39__fa_rotation_cage_rattle__sev-0.9
O-FAPI3_parity_40,O-FAPI3_parity_40__fa_rotation_cage_rattle__sev-1.0,O-FAPI3/O-FAPI3_parity_40,O-FAPI3/O-FAPI3_parity_40__fa_rotation_cage_rattle__sev-1.0
O-FAPI3_parity_41,O-FAPI3_parity_41__combined_strain_rattle_fa_rotation__sev-0.1,O-FAPI3/O-FAPI3_parity_41,O-FAPI3/O-FAPI3_parity_41__combined_strain_rattle_fa_rotation__sev-0.1
O-FAPI3_parity_42,O-FAPI3_parity_42__combined_strain_rattle_fa_rotation__sev-0.2,O-FAPI3/O-FAPI3_parity_42,O-FAPI3/O-FAPI3_parity_42__combined_strain_rattle_fa_rotation__sev-0.2
O-FAPI3_parity_43,O-FAPI3_parity_43__combined_strain_rattle_fa_rotation__sev-0.3,O-FAPI3/O-FAPI3_parity_43,O-FAPI3/O-FAPI3_parity_43__combined_strain_rattle_fa_rotation__sev-0.3
O-FAPI3_parity_44,O-FAPI3_parity_44__combined_strain_rattle_fa_rotation__sev-0.4,O-FAPI3/O-FAPI3_parity_44,O-FAPI3/O-FAPI3_parity_44__combined_strain_rattle_fa_rotation__sev-0.4
O-FAPI3_parity_45,O-FAPI3_parity_45__combined_strain_rattle_fa_rotation__sev-0.5,O-FAPI3/O-FAPI3_parity_45,O-FAPI3/O-FAPI3_parity_45__combined_strain_rattle_fa_rotation__sev-0.5
O-FAPI3_parity_46,O-FAPI3_parity_46__combined_strain_rattle_fa_rotation__sev-0.6,O-FAPI3/O-FAPI3_parity_46,O-FAPI3/O-FAPI3_parity_46__combined_strain_rattle_fa_rotation__sev-0.6
O-FAPI3_parity_47,O-FAPI3_parity_47__combined_strain_rattle_fa_rotation__sev-0.7,O-FAPI3/O-FAPI3_parity_47,O-FAPI3/O-FAPI3_parity_47__combined_strain_rattle_fa_rotation__sev-0.7
O-FAPI3_parity_48,O-FAPI3_parity_48__combined_strain_rattle_fa_rotation__sev-0.8,O-FAPI3/O-FAPI3_parity_48,O-FAPI3/O-FAPI3_parity_48__combined_strain_rattle_fa_rotation__sev-0.8
O-FAPI3_parity_49,O-FAPI3_parity_49__combined_strain_rattle_fa_rotation__sev-0.9,O-FAPI3/O-FAPI3_parity_49,O-FAPI3/O-FAPI3_parity_49__combined_strain_rattle_fa_rotation__sev-0.9
O-FAPI3_parity_50,O-FAPI3_parity_50__combined_strain_rattle_fa_rotation__sev-1.0,O-FAPI3/O-FAPI3_parity_50,O-FAPI3/O-FAPI3_parity_50__combined_strain_rattle_fa_rotation__sev-1.0
t-FAPI3_parity_01,t-FAPI3_parity_01__strong_strain__sev-0.1,t-FAPI3/t-FAPI3_parity_01,t-FAPI3/t-FAPI3_parity_01__strong_strain__sev-0.1
t-FAPI3_parity_02,t-FAPI3_parity_02__strong_strain__sev-0.2,t-FAPI3/t-FAPI3_parity_02,t-FAPI3/t-FAPI3_parity_02__strong_strain__sev-0.2
t-FAPI3_parity_03,t-FAPI3_parity_03__strong_strain__sev-0.3,t-FAPI3/t-FAPI3_parity_03,t-FAPI3/t-FAPI3_parity_03__strong_strain__sev-0.3
t-FAPI3_parity_04,t-FAPI3_parity_04__strong_strain__sev-0.4,t-FAPI3/t-FAPI3_parity_04,t-FAPI3/t-FAPI3_parity_04__strong_strain__sev-0.4
t-FAPI3_parity_05,t-FAPI3_parity_05__strong_strain__sev-0.5,t-FAPI3/t-FAPI3_parity_05,t-FAPI3/t-FAPI3_parity_05__strong_strain__sev-0.5
t-FAPI3_parity_06,t-FAPI3_parity_06__strong_strain__sev-0.6,t-FAPI3/t-FAPI3_parity_06,t-FAPI3/t-FAPI3_parity_06__strong_strain__sev-0.6
t-FAPI3_parity_07,t-FAPI3_parity_07__strong_strain__sev-0.7,t-FAPI3/t-FAPI3_parity_07,t-FAPI3/t-FAPI3_parity_07__strong_strain__sev-0.7
t-FAPI3_parity_08,t-FAPI3_parity_08__strong_strain__sev-0.8,t-FAPI3/t-FAPI3_parity_08,t-FAPI3/t-FAPI3_parity_08__strong_strain__sev-0.8
t-FAPI3_parity_09,t-FAPI3_parity_09__strong_strain__sev-0.9,t-FAPI3/t-FAPI3_parity_09,t-FAPI3/t-FAPI3_parity_09__strong_strain__sev-0.9
t-FAPI3_parity_10,t-FAPI3_parity_10__strong_strain__sev-1.0,t-FAPI3/t-FAPI3_parity_10,t-FAPI3/t-FAPI3_parity_10__strong_strain__sev-1.0
t-FAPI3_parity_11,t-FAPI3_parity_11__global_rattle__sev-0.1,t-FAPI3/t-FAPI3_parity_11,t-FAPI3/t-FAPI3_parity_11__global_rattle__sev-0.1
t-FAPI3_parity_12,t-FAPI3_parity_12__global_rattle__sev-0.2,t-FAPI3/t-FAPI3_parity_12,t-FAPI3/t-FAPI3_parity_12__global_rattle__sev-0.2
t-FAPI3_parity_13,t-FAPI3_parity_13__global_rattle__sev-0.3,t-FAPI3/t-FAPI3_parity_13,t-FAPI3/t-FAPI3_parity_13__global_rattle__sev-0.3
t-FAPI3_parity_14,t-FAPI3_parity_14__global_rattle__sev-0.4,t-FAPI3/t-FAPI3_parity_14,t-FAPI3/t-FAPI3_parity_14__global_rattle__sev-0.4
t-FAPI3_parity_15,t-FAPI3_parity_15__global_rattle__sev-0.5,t-FAPI3/t-FAPI3_parity_15,t-FAPI3/t-FAPI3_parity_15__global_rattle__sev-0.5
t-FAPI3_parity_16,t-FAPI3_parity_16__global_rattle__sev-0.6,t-FAPI3/t-FAPI3_parity_16,t-FAPI3/t-FAPI3_parity_16__global_rattle__sev-0.6
t-FAPI3_parity_17,t-FAPI3_parity_17__global_rattle__sev-0.7,t-FAPI3/t-FAPI3_parity_17,t-FAPI3/t-FAPI3_parity_17__global_rattle__sev-0.7
t-FAPI3_parity_18,t-FAPI3_parity_18__global_rattle__sev-0.8,t-FAPI3/t-FAPI3_parity_18,t-FAPI3/t-FAPI3_parity_18__global_rattle__sev-0.8
t-FAPI3_parity_19,t-FAPI3_parity_19__global_rattle__sev-0.9,t-FAPI3/t-FAPI3_parity_19,t-FAPI3/t-FAPI3_parity_19__global_rattle__sev-0.9
t-FAPI3_parity_20,t-FAPI3_parity_20__global_rattle__sev-1.0,t-FAPI3/t-FAPI3_parity_20,t-FAPI3/t-FAPI3_parity_20__global_rattle__sev-1.0
t-FAPI3_parity_21,t-FAPI3_parity_21__cage_rattle__sev-0.1,t-FAPI3/t-FAPI3_parity_21,t-FAPI3/t-FAPI3_parity_21__cage_rattle__sev-0.1
t-FAPI3_parity_22,t-FAPI3_parity_22__cage_rattle__sev-0.2,t-FAPI3/t-FAPI3_parity_22,t-FAPI3/t-FAPI3_parity_22__cage_rattle__sev-0.2
t-FAPI3_parity_23,t-FAPI3_parity_23__cage_rattle__sev-0.3,t-FAPI3/t-FAPI3_parity_23,t-FAPI3/t-FAPI3_parity_23__cage_rattle__sev-0.3
t-FAPI3_parity_24,t-FAPI3_parity_24__cage_rattle__sev-0.4,t-FAPI3/t-FAPI3_parity_24,t-FAPI3/t-FAPI3_parity_24__cage_rattle__sev-0.4
t-FAPI3_parity_25,t-FAPI3_parity_25__cage_rattle__sev-0.5,t-FAPI3/t-FAPI3_parity_25,t-FAPI3/t-FAPI3_parity_25__cage_rattle__sev-0.5
t-FAPI3_parity_26,t-FAPI3_parity_26__cage_rattle__sev-0.6,t-FAPI3/t-FAPI3_parity_26,t-FAPI3/t-FAPI3_parity_26__cage_rattle__sev-0.6
t-FAPI3_parity_27,t-FAPI3_parity_27__cage_rattle__sev-0.7,t-FAPI3/t-FAPI3_parity_27,t-FAPI3/t-FAPI3_parity_27__cage_rattle__sev-0.7
t-FAPI3_parity_28,t-FAPI3_parity_28__cage_rattle__sev-0.8,t-FAPI3/t-FAPI3_parity_28,t-FAPI3/t-FAPI3_parity_28__cage_rattle__sev-0.8
t-FAPI3_parity_29,t-FAPI3_parity_29__cage_rattle__sev-0.9,t-FAPI3/t-FAPI3_parity_29,t-FAPI3/t-FAPI3_parity_29__cage_rattle__sev-0.9
t-FAPI3_parity_30,t-FAPI3_parity_30__cage_rattle__sev-1.0,t-FAPI3/t-FAPI3_parity_30,t-FAPI3/t-FAPI3_parity_30__cage_rattle__sev-1.0
t-FAPI3_parity_31,t-FAPI3_parity_31__fa_rotation_cage_rattle__sev-0.1,t-FAPI3/t-FAPI3_parity_31,t-FAPI3/t-FAPI3_parity_31__fa_rotation_cage_rattle__sev-0.1
t-FAPI3_parity_32,t-FAPI3_parity_32__fa_rotation_cage_rattle__sev-0.2,t-FAPI3/t-FAPI3_parity_32,t-FAPI3/t-FAPI3_parity_32__fa_rotation_cage_rattle__sev-0.2
t-FAPI3_parity_33,t-FAPI3_parity_33__fa_rotation_cage_rattle__sev-0.3,t-FAPI3/t-FAPI3_parity_33,t-FAPI3/t-FAPI3_parity_33__fa_rotation_cage_rattle__sev-0.3
t-FAPI3_parity_34,t-FAPI3_parity_34__fa_rotation_cage_rattle__sev-0.4,t-FAPI3/t-FAPI3_parity_34,t-FAPI3/t-FAPI3_parity_34__fa_rotation_cage_rattle__sev-0.4
t-FAPI3_parity_35,t-FAPI3_parity_35__fa_rotation_cage_rattle__sev-0.5,t-FAPI3/t-FAPI3_parity_35,t-FAPI3/t-FAPI3_parity_35__fa_rotation_cage_rattle__sev-0.5
t-FAPI3_parity_36,t-FAPI3_parity_36__fa_rotation_cage_rattle__sev-0.6,t-FAPI3/t-FAPI3_parity_36,t-FAPI3/t-FAPI3_parity_36__fa_rotation_cage_rattle__sev-0.6
t-FAPI3_parity_37,t-FAPI3_parity_37__fa_rotation_cage_rattle__sev-0.7,t-FAPI3/t-FAPI3_parity_37,t-FAPI3/t-FAPI3_parity_37__fa_rotation_cage_rattle__sev-0.7
t-FAPI3_parity_38,t-FAPI3_parity_38__fa_rotation_cage_rattle__sev-0.8,t-FAPI3/t-FAPI3_parity_38,t-FAPI3/t-FAPI3_parity_38__fa_rotation_cage_rattle__sev-0.8
t-FAPI3_parity_39,t-FAPI3_parity_39__fa_rotation_cage_rattle__sev-0.9,t-FAPI3/t-FAPI3_parity_39,t-FAPI3/t-FAPI3_parity_39__fa_rotation_cage_rattle__sev-0.9
t-FAPI3_parity_40,t-FAPI3_parity_40__fa_rotation_cage_rattle__sev-1.0,t-FAPI3/t-FAPI3_parity_40,t-FAPI3/t-FAPI3_parity_40__fa_rotation_cage_rattle__sev-1.0
t-FAPI3_parity_41,t-FAPI3_parity_41__combined_strain_rattle_fa_rotation__sev-0.1,t-FAPI3/t-FAPI3_parity_41,t-FAPI3/t-FAPI3_parity_41__combined_strain_rattle_fa_rotation__sev-0.1
t-FAPI3_parity_42,t-FAPI3_parity_42__combined_strain_rattle_fa_rotation__sev-0.2,t-FAPI3/t-FAPI3_parity_42,t-FAPI3/t-FAPI3_parity_42__combined_strain_rattle_fa_rotation__sev-0.2
t-FAPI3_parity_43,t-FAPI3_parity_43__combined_strain_rattle_fa_rotation__sev-0.3,t-FAPI3/t-FAPI3_parity_43,t-FAPI3/t-FAPI3_parity_43__combined_strain_rattle_fa_rotation__sev-0.3
t-FAPI3_parity_44,t-FAPI3_parity_44__combined_strain_rattle_fa_rotation__sev-0.4,t-FAPI3/t-FAPI3_parity_44,t-FAPI3/t-FAPI3_parity_44__combined_strain_rattle_fa_rotation__sev-0.4
t-FAPI3_parity_45,t-FAPI3_parity_45__combined_strain_rattle_fa_rotation__sev-0.5,t-FAPI3/t-FAPI3_parity_45,t-FAPI3/t-FAPI3_parity_45__combined_strain_rattle_fa_rotation__sev-0.5
t-FAPI3_parity_46,t-FAPI3_parity_46__combined_strain_rattle_fa_rotation__sev-0.6,t-FAPI3/t-FAPI3_parity_46,t-FAPI3/t-FAPI3_parity_46__combined_strain_rattle_fa_rotation__sev-0.6
t-FAPI3_parity_47,t-FAPI3_parity_47__combined_strain_rattle_fa_rotation__sev-0.7,t-FAPI3/t-FAPI3_parity_47,t-FAPI3/t-FAPI3_parity_47__combined_strain_rattle_fa_rotation__sev-0.7
t-FAPI3_parity_48,t-FAPI3_parity_48__combined_strain_rattle_fa_rotation__sev-0.8,t-FAPI3/t-FAPI3_parity_48,t-FAPI3/t-FAPI3_parity_48__combined_strain_rattle_fa_rotation__sev-0.8
t-FAPI3_parity_49,t-FAPI3_parity_49__combined_strain_rattle_fa_rotation__sev-0.9,t-FAPI3/t-FAPI3_parity_49,t-FAPI3/t-FAPI3_parity_49__combined_strain_rattle_fa_rotation__sev-0.9
t-FAPI3_parity_50,t-FAPI3_parity_50__combined_strain_rattle_fa_rotation__sev-1.0,t-FAPI3/t-FAPI3_parity_50,t-FAPI3/t-FAPI3_parity_50__combined_strain_rattle_fa_rotation__sev-1.0
