config_id,phase,mode,seed,source,natoms,rattle_sigma_A,n_rotated_fa,minimum_distance_A,directory
O-FAPI3_small_rotation_01,O-FAPI3,small_rotation,117086298,O-FAPI3/CONTCAR,48,,2,1.0189468527998744,O-FAPI3/O-FAPI3_small_rotation_01
O-FAPI3_small_rotation_02,O-FAPI3,small_rotation,3815716637,O-FAPI3/CONTCAR,48,,1,1.0189468527998746,O-FAPI3/O-FAPI3_small_rotation_02
O-FAPI3_small_rotation_03,O-FAPI3,small_rotation,2763444321,O-FAPI3/CONTCAR,48,,4,1.0189468527998733,O-FAPI3/O-FAPI3_small_rotation_03
O-FAPI3_small_rotation_04,O-FAPI3,small_rotation,343322148,O-FAPI3/CONTCAR,48,,1,1.0189468527998746,O-FAPI3/O-FAPI3_small_rotation_04
O-FAPI3_small_rotation_05,O-FAPI3,small_rotation,100293489,O-FAPI3/CONTCAR,48,,1,1.0189468527998746,O-FAPI3/O-FAPI3_small_rotation_05
O-FAPI3_small_rotation_06,O-FAPI3,small_rotation,1277882832,O-FAPI3/CONTCAR,48,,2,1.0189468527998737,O-FAPI3/O-FAPI3_small_rotation_06
O-FAPI3_small_rotation_07,O-FAPI3,small_rotation,4105054636,O-FAPI3/CONTCAR,48,,3,1.0189468527998737,O-FAPI3/O-FAPI3_small_rotation_07
O-FAPI3_small_rotation_08,O-FAPI3,small_rotation,1368788174,O-FAPI3/CONTCAR,48,,1,1.0189468527998746,O-FAPI3/O-FAPI3_small_rotation_08
O-FAPI3_small_rotation_09,O-FAPI3,small_rotation,3547136855,O-FAPI3/CONTCAR,48,,3,1.0189468527998737,O-FAPI3/O-FAPI3_small_rotation_09
O-FAPI3_small_rotation_10,O-FAPI3,small_rotation,4285567503,O-FAPI3/CONTCAR,48,,1,1.0189468527998744,O-FAPI3/O-FAPI3_small_rotation_10
O-FAPI3_small_rotation_11,O-FAPI3,small_rotation,1939842013,O-FAPI3/CONTCAR,48,,4,1.018946852799875,O-FAPI3/O-FAPI3_small_rotation_11
O-FAPI3_small_rotation_12,O-FAPI3,small_rotation,1052125641,O-FAPI3/CONTCAR,48,,3,1.0189468527998744,O-FAPI3/O-FAPI3_small_rotation_12
O-FAPI3_small_rotation_13,O-FAPI3,small_rotation,1182904147,O-FAPI3/CONTCAR,48,,3,1.0189468527998746,O-FAPI3/O-FAPI3_small_rotation_13
O-FAPI3_small_rotation_14,O-FAPI3,small_rotation,4165865055,O-FAPI3/CONTCAR,48,,4,1.0189468527998744,O-FAPI3/O-FAPI3_small_rotation_14
O-FAPI3_small_rotation_15,O-FAPI3,small_rotation,3197297964,O-FAPI3/CONTCAR,48,,1,1.0189468527998746,O-FAPI3/O-FAPI3_small_rotation_15
O-FAPI3_small_rotation_16,O-FAPI3,small_rotation,1210808760,O-FAPI3/CONTCAR,48,,3,1.0189468527998737,O-FAPI3/O-FAPI3_small_rotation_16
O-FAPI3_small_rotation_17,O-FAPI3,small_rotation,3269417070,O-FAPI3/CONTCAR,48,,4,1.0189468527998742,O-FAPI3/O-FAPI3_small_rotation_17
O-FAPI3_small_rotation_18,O-FAPI3,small_rotation,4045225119,O-FAPI3/CONTCAR,48,,4,1.0189468527998737,O-FAPI3/O-FAPI3_small_rotation_18
O-FAPI3_wide_rotation_01,O-FAPI3,wide_rotation,818436192,O-FAPI3/CONTCAR,48,,1,1.0189468527998746,O-FAPI3/O-FAPI3_wide_rotation_01
O-FAPI3_wide_rotation_02,O-FAPI3,wide_rotation,2236179492,O-FAPI3/CONTCAR,48,,2,1.0189468527998746,O-FAPI3/O-FAPI3_wide_rotation_02
O-FAPI3_wide_rotation_03,O-FAPI3,wide_rotation,2640389311,O-FAPI3/CONTCAR,48,,2,1.0189468527998746,O-FAPI3/O-FAPI3_wide_rotation_03
O-FAPI3_wide_rotation_04,O-FAPI3,wide_rotation,869899387,O-FAPI3/CONTCAR,48,,2,1.0189468527998746,O-FAPI3/O-FAPI3_wide_rotation_04
O-FAPI3_wide_rotation_05,O-FAPI3,wide_rotation,3388352279,O-FAPI3/CONTCAR,48,,4,1.0189468527998742,O-FAPI3/O-FAPI3_wide_rotation_05
O-FAPI3_wide_rotation_06,O-FAPI3,wide_rotation,3816830864,O-FAPI3/CONTCAR,48,,2,1.0189468527998737,O-FAPI3/O-FAPI3_wide_rotation_06
O-FAPI3_wide_rotation_07,O-FAPI3,wide_rotation,1316961925,O-FAPI3/CONTCAR,48,,2,1.0189468527998746,O-FAPI3/O-FAPI3_wide_rotation_07
O-FAPI3_wide_rotation_08,O-FAPI3,wide_rotation,1585760124,O-FAPI3/CONTCAR,48,,4,1.0189468527998744,O-FAPI3/O-FAPI3_wide_rotation_08
O-FAPI3_wide_rotation_09,O-FAPI3,wide_rotation,1390268935,O-FAPI3/CONTCAR,48,,3,1.018946852799875,O-FAPI3/O-FAPI3_wide_rotation_09
O-FAPI3_wide_rotation_10,O-FAPI3,wide_rotation,537385750,O-FAPI3/CONTCAR,48,,1,1.0189468527998737,O-FAPI3/O-FAPI3_wide_rotation_10
O-FAPI3_wide_rotation_11,O-FAPI3,wide_rotation,2730786551,O-FAPI3/CONTCAR,48,,4,1.0189468527998742,O-FAPI3/O-FAPI3_wide_rotation_11
O-FAPI3_wide_rotation_12,O-FAPI3,wide_rotation,4115372780,O-FAPI3/CONTCAR,48,,2,1.0189468527998746,O-FAPI3/O-FAPI3_wide_rotation_12
O-FAPI3_wide_rotation_13,O-FAPI3,wide_rotation,2398685055,O-FAPI3/CONTCAR,48,,2,1.0189468527998746,O-FAPI3/O-FAPI3_wide_rotation_13
O-FAPI3_wide_rotation_14,O-FAPI3,wide_rotation,2186111541,O-FAPI3/CONTCAR,48,,2,1.0189468527998746,O-FAPI3/O-FAPI3_wide_rotation_14
O-FAPI3_cage_rattle_01,O-FAPI3,cage_rattle,503860372,O-FAPI3/CONTCAR,48,0.04453468737217805,0,1.0189468527998746,O-FAPI3/O-FAPI3_cage_rattle_01
O-FAPI3_cage_rattle_02,O-FAPI3,cage_rattle,4064901548,O-FAPI3/CONTCAR,48,0.01986096791290337,0,1.0189468527998746,O-FAPI3/O-FAPI3_cage_rattle_02
O-FAPI3_cage_rattle_03,O-FAPI3,cage_rattle,3935526796,O-FAPI3/CONTCAR,48,0.03004327140375114,0,1.0189468527998746,O-FAPI3/O-FAPI3_cage_rattle_03
O-FAPI3_cage_rattle_04,O-FAPI3,cage_rattle,3113752695,O-FAPI3/CONTCAR,48,0.035898392513559314,0,1.0189468527998746,O-FAPI3/O-FAPI3_cage_rattle_04
O-FAPI3_cage_rattle_05,O-FAPI3,cage_rattle,3467449491,O-FAPI3/CONTCAR,48,0.04446887483930706,0,1.0189468527998746,O-FAPI3/O-FAPI3_cage_rattle_05
O-FAPI3_cage_rattle_06,O-FAPI3,cage_rattle,2175475145,O-FAPI3/CONTCAR,48,0.026367562433048837,0,1.0189468527998746,O-FAPI3/O-FAPI3_cage_rattle_06
O-FAPI3_cage_rattle_07,O-FAPI3,cage_rattle,3496495698,O-FAPI3/CONTCAR,48,0.03457965445695243,0,1.0189468527998746,O-FAPI3/O-FAPI3_cage_rattle_07
O-FAPI3_cage_rattle_08,O-FAPI3,cage_rattle,3973188120,O-FAPI3/CONTCAR,48,0.026418011249668104,0,1.0189468527998746,O-FAPI3/O-FAPI3_cage_rattle_08
O-FAPI3_cage_rattle_09,O-FAPI3,cage_rattle,3541597839,O-FAPI3/CONTCAR,48,0.015973262346961198,0,1.0189468527998746,O-FAPI3/O-FAPI3_cage_rattle_09
O-FAPI3_cage_rattle_10,O-FAPI3,cage_rattle,2813790788,O-FAPI3/CONTCAR,48,0.039444636305572565,0,1.0189468527998746,O-FAPI3/O-FAPI3_cage_rattle_10
O-FAPI3_cage_rattle_11,O-FAPI3,cage_rattle,3981943076,O-FAPI3/CONTCAR,48,0.02815908784987723,0,1.0189468527998746,O-FAPI3/O-FAPI3_cage_rattle_11
O-FAPI3_cage_rattle_12,O-FAPI3,cage_rattle,4244842573,O-FAPI3/CONTCAR,48,0.03152351174058872,0,1.0189468527998746,O-FAPI3/O-FAPI3_cage_rattle_12
O-FAPI3_cage_rattle_13,O-FAPI3,cage_rattle,756447363,O-FAPI3/CONTCAR,48,0.02892776553489411,0,1.0189468527998746,O-FAPI3/O-FAPI3_cage_rattle_13
O-FAPI3_cage_rattle_14,O-FAPI3,cage_rattle,286016455,O-FAPI3/CONTCAR,48,0.03247692960477914,0,1.0189468527998746,O-FAPI3/O-FAPI3_cage_rattle_14
O-FAPI3_cage_rattle_15,O-FAPI3,cage_rattle,583389517,O-FAPI3/CONTCAR,48,0.04851978303514848,0,1.0189468527998746,O-FAPI3/O-FAPI3_cage_rattle_15
O-FAPI3_cage_rattle_16,O-FAPI3,cage_rattle,3834880372,O-FAPI3/CONTCAR,48,0.04537622187050053,0,1.0189468527998746,O-FAPI3/O-FAPI3_cage_rattle_16
O-FAPI3_cage_rattle_17,O-FAPI3,cage_rattle,1416337329,O-FAPI3/CONTCAR,48,0.044296440756493555,0,1.0189468527998746,O-FAPI3/O-FAPI3_cage_rattle_17
O-FAPI3_all_rattle_01,O-FAPI3,all_rattle,1563858520,O-FAPI3/CONTCAR,48,0.03937395450630861,0,0.9284654871635035,O-FAPI3/O-FAPI3_all_rattle_01
O-FAPI3_all_rattle_02,O-FAPI3,all_rattle,4291043517,O-FAPI3/CONTCAR,48,0.0674584458948992,0,0.8728363296467746,O-FAPI3/O-FAPI3_all_rattle_02
O-FAPI3_all_rattle_03,O-FAPI3,all_rattle,801975523,O-FAPI3/CONTCAR,48,0.0420685139997386,0,0.8777307436185754,O-FAPI3/O-FAPI3_all_rattle_03
O-FAPI3_all_rattle_04,O-FAPI3,all_rattle,1399279438,O-FAPI3/CONTCAR,48,0.059741859238804915,0,0.8087683071357182,O-FAPI3/O-FAPI3_all_rattle_04
O-FAPI3_all_rattle_05,O-FAPI3,all_rattle,4221752773,O-FAPI3/CONTCAR,48,0.030204949789708106,0,0.9395310516331172,O-FAPI3/O-FAPI3_all_rattle_05
O-FAPI3_all_rattle_06,O-FAPI3,all_rattle,1810035654,O-FAPI3/CONTCAR,48,0.04776373103305841,0,0.9253093494011927,O-FAPI3/O-FAPI3_all_rattle_06
O-FAPI3_all_rattle_07,O-FAPI3,all_rattle,505649648,O-FAPI3/CONTCAR,48,0.03169274055930926,0,0.9874126498169522,O-FAPI3/O-FAPI3_all_rattle_07
O-FAPI3_all_rattle_08,O-FAPI3,all_rattle,1785881256,O-FAPI3/CONTCAR,48,0.06274956314390423,0,0.8555741223914411,O-FAPI3/O-FAPI3_all_rattle_08
O-FAPI3_all_rattle_09,O-FAPI3,all_rattle,3502927691,O-FAPI3/CONTCAR,48,0.04150174302453259,0,0.9363625499453773,O-FAPI3/O-FAPI3_all_rattle_09
O-FAPI3_all_rattle_10,O-FAPI3,all_rattle,1185326591,O-FAPI3/CONTCAR,48,0.023843581538038283,0,0.9731912784810535,O-FAPI3/O-FAPI3_all_rattle_10
O-FAPI3_all_rattle_11,O-FAPI3,all_rattle,642498790,O-FAPI3/CONTCAR,48,0.05920562273214132,0,0.8970777862307361,O-FAPI3/O-FAPI3_all_rattle_11
O-FAPI3_all_rattle_12,O-FAPI3,all_rattle,1398200938,O-FAPI3/CONTCAR,48,0.020837223505435848,0,0.9894118009924118,O-FAPI3/O-FAPI3_all_rattle_12
O-FAPI3_all_rattle_13,O-FAPI3,all_rattle,1058797482,O-FAPI3/CONTCAR,48,0.06718186051868008,0,0.9041670192747622,O-FAPI3/O-FAPI3_all_rattle_13
O-FAPI3_all_rattle_14,O-FAPI3,all_rattle,200719959,O-FAPI3/CONTCAR,48,0.051315019891603086,0,0.8423614976830943,O-FAPI3/O-FAPI3_all_rattle_14
O-FAPI3_all_rattle_15,O-FAPI3,all_rattle,600379232,O-FAPI3/CONTCAR,48,0.038666198418763835,0,0.8841093260362022,O-FAPI3/O-FAPI3_all_rattle_15
O-FAPI3_all_rattle_16,O-FAPI3,all_rattle,2685357719,O-FAPI3/CONTCAR,48,0.053633121955665,0,0.8350223325592337,O-FAPI3/O-FAPI3_all_rattle_16
O-FAPI3_all_rattle_17,O-FAPI3,all_rattle,2992568113,O-FAPI3/CONTCAR,48,0.05396521804885804,0,0.9096599449410353,O-FAPI3/O-FAPI3_all_rattle_17
O-FAPI3_strain_rattle_01,O-FAPI3,strain_rattle,2022465068,O-FAPI3/CONTCAR,48,0.028020862576360675,0,1.0038076048190645,O-FAPI3/O-FAPI3_strain_rattle_01
O-FAPI3_strain_rattle_02,O-FAPI3,strain_rattle,441987521,O-FAPI3/CONTCAR,48,0.018550491731969914,0,0.9992799515981693,O-FAPI3/O-FAPI3_strain_rattle_02
O-FAPI3_strain_rattle_03,O-FAPI3,strain_rattle,169275482,O-FAPI3/CONTCAR,48,0.028462598641995185,0,1.0169144798208232,O-FAPI3/O-FAPI3_strain_rattle_03
O-FAPI3_strain_rattle_04,O-FAPI3,strain_rattle,2271020152,O-FAPI3/CONTCAR,48,0.019802918194055108,0,1.0171531114488332,O-FAPI3/O-FAPI3_strain_rattle_04
O-FAPI3_strain_rattle_05,O-FAPI3,strain_rattle,1128934061,O-FAPI3/CONTCAR,48,0.03329118841042002,0,1.0135075181967579,O-FAPI3/O-FAPI3_strain_rattle_05
O-FAPI3_strain_rattle_06,O-FAPI3,strain_rattle,1824129788,O-FAPI3/CONTCAR,48,0.019745156386698992,0,1.0044773269182696,O-FAPI3/O-FAPI3_strain_rattle_06
O-FAPI3_strain_rattle_07,O-FAPI3,strain_rattle,3850387983,O-FAPI3/CONTCAR,48,0.03442554361497602,0,1.0015969192680279,O-FAPI3/O-FAPI3_strain_rattle_07
O-FAPI3_strain_rattle_08,O-FAPI3,strain_rattle,2874504269,O-FAPI3/CONTCAR,48,0.02082545973639008,0,1.0019986708017958,O-FAPI3/O-FAPI3_strain_rattle_08
O-FAPI3_strain_rattle_09,O-FAPI3,strain_rattle,3251871765,O-FAPI3/CONTCAR,48,0.017146691979030064,0,1.0065985167055769,O-FAPI3/O-FAPI3_strain_rattle_09
O-FAPI3_strain_rattle_10,O-FAPI3,strain_rattle,3301168938,O-FAPI3/CONTCAR,48,0.015090186289510718,0,1.0092426633495541,O-FAPI3/O-FAPI3_strain_rattle_10
O-FAPI3_strain_rattle_11,O-FAPI3,strain_rattle,1362190370,O-FAPI3/CONTCAR,48,0.025221448093049548,0,1.0042694492007795,O-FAPI3/O-FAPI3_strain_rattle_11
O-FAPI3_strain_rattle_12,O-FAPI3,strain_rattle,326179776,O-FAPI3/CONTCAR,48,0.023252968996558522,0,1.0173887573489124,O-FAPI3/O-FAPI3_strain_rattle_12
O-FAPI3_strain_rattle_13,O-FAPI3,strain_rattle,3994126595,O-FAPI3/CONTCAR,48,0.010549286911275931,0,1.0019815049260992,O-FAPI3/O-FAPI3_strain_rattle_13
O-FAPI3_strain_rattle_14,O-FAPI3,strain_rattle,229437633,O-FAPI3/CONTCAR,48,0.019412819531182474,0,1.014272024934429,O-FAPI3/O-FAPI3_strain_rattle_14
O-FAPI3_strain_rattle_15,O-FAPI3,strain_rattle,319534206,O-FAPI3/CONTCAR,48,0.03004827031126349,0,1.0115496914553568,O-FAPI3/O-FAPI3_strain_rattle_15
O-FAPI3_strain_rattle_16,O-FAPI3,strain_rattle,476823344,O-FAPI3/CONTCAR,48,0.015993195899856292,0,1.0126053414011567,O-FAPI3/O-FAPI3_strain_rattle_16
O-FAPI3_strain_rattle_17,O-FAPI3,strain_rattle,2934708372,O-FAPI3/CONTCAR,48,0.02182929817238107,0,1.0069907095385129,O-FAPI3/O-FAPI3_strain_rattle_17
O-FAPI3_mixed_01,O-FAPI3,mixed,3408005148,O-FAPI3/CONTCAR,48,0.021403154678314742,2,0.9732820340925393,O-FAPI3/O-FAPI3_mixed_01
O-FAPI3_mixed_02,O-FAPI3,mixed,2868466720,O-FAPI3/CONTCAR,48,0.0337030803839477,2,0.914990033100668,O-FAPI3/O-FAPI3_mixed_02
O-FAPI3_mixed_03,O-FAPI3,mixed,888324749,O-FAPI3/CONTCAR,48,0.027393721650228853,4,0.9656107271514901,O-FAPI3/O-FAPI3_mixed_03
O-FAPI3_mixed_04,O-FAPI3,mixed,4012514917,O-FAPI3/CONTCAR,48,0.04622199395074673,2,0.9164295952364329,O-FAPI3/O-FAPI3_mixed_04
O-FAPI3_mixed_05,O-FAPI3,mixed,1195945496,O-FAPI3/CONTCAR,48,0.018649197283829463,3,0.9923364757107237,O-FAPI3/O-FAPI3_mixed_05
O-FAPI3_mixed_06,O-FAPI3,mixed,3513950248,O-FAPI3/CONTCAR,48,0.03836658798379609,3,0.9140332062179083,O-FAPI3/O-FAPI3_mixed_06
O-FAPI3_mixed_07,O-FAPI3,mixed,1231405104,O-FAPI3/CONTCAR,48,0.020486921168703168,1,0.9675716312141148,O-FAPI3/O-FAPI3_mixed_07
O-FAPI3_mixed_08,O-FAPI3,mixed,3909983353,O-FAPI3/CONTCAR,48,0.03235079984076179,2,0.9326183131157234,O-FAPI3/O-FAPI3_mixed_08
O-FAPI3_mixed_09,O-FAPI3,mixed,3185068890,O-FAPI3/CONTCAR,48,0.029864460258176743,4,0.9551956643625685,O-FAPI3/O-FAPI3_mixed_09
O-FAPI3_mixed_10,O-FAPI3,mixed,443631424,O-FAPI3/CONTCAR,48,0.016941166504885453,3,0.9818216029119634,O-FAPI3/O-FAPI3_mixed_10
O-FAPI3_mixed_11,O-FAPI3,mixed,1228369350,O-FAPI3/CONTCAR,48,0.02743066413498868,1,0.9473137538120706,O-FAPI3/O-FAPI3_mixed_11
O-FAPI3_mixed_12,O-FAPI3,mixed,751784079,O-FAPI3/CONTCAR,48,0.0431955853251222,2,0.8324814593151055,O-FAPI3/O-FAPI3_mixed_12
O-FAPI3_mixed_13,O-FAPI3,mixed,532421674,O-FAPI3/CONTCAR,48,0.03146169059498413,3,0.9714707957115131,O-FAPI3/O-FAPI3_mixed_13
O-FAPI3_mixed_14,O-FAPI3,mixed,662156461,O-FAPI3/CONTCAR,48,0.03373889177356661,3,0.96042682862898,O-FAPI3/O-FAPI3_mixed_14
O-FAPI3_mixed_15,O-FAPI3,mixed,657797681,O-FAPI3/CONTCAR,48,0.029221168632672986,2,0.9557495546318785,O-FAPI3/O-FAPI3_mixed_15
O-FAPI3_mixed_16,O-FAPI3,mixed,297949624,O-FAPI3/CONTCAR,48,0.015382471167356216,4,0.9763294952326155,O-FAPI3/O-FAPI3_mixed_16
O-FAPI3_mixed_17,O-FAPI3,mixed,4025761315,O-FAPI3/CONTCAR,48,0.036529748246932725,4,0.907750939988639,O-FAPI3/O-FAPI3_mixed_17
t-FAPI3_small_rotation_01,t-FAPI3,small_rotation,3862067677,t-FAPI3/CONTCAR,24,,2,1.0184004805038973,t-FAPI3/t-FAPI3_small_rotation_01
t-FAPI3_small_rotation_02,t-FAPI3,small_rotation,1062581836,t-FAPI3/CONTCAR,24,,2,1.0184004805038973,t-FAPI3/t-FAPI3_small_rotation_02
t-FAPI3_small_rotation_03,t-FAPI3,small_rotation,3138974028,t-FAPI3/CONTCAR,24,,1,1.0184004805038966,t-FAPI3/t-FAPI3_small_rotation_03
t-FAPI3_small_rotation_04,t-FAPI3,small_rotation,827087127,t-FAPI3/CONTCAR,24,,1,1.0184004805038975,t-FAPI3/t-FAPI3_small_rotation_04
t-FAPI3_small_rotation_05,t-FAPI3,small_rotation,3711218338,t-FAPI3/CONTCAR,24,,2,1.0184004805038975,t-FAPI3/t-FAPI3_small_rotation_05
t-FAPI3_small_rotation_06,t-FAPI3,small_rotation,1368476405,t-FAPI3/CONTCAR,24,,2,1.0184004805038973,t-FAPI3/t-FAPI3_small_rotation_06
t-FAPI3_small_rotation_07,t-FAPI3,small_rotation,1765817918,t-FAPI3/CONTCAR,24,,2,1.018400480503897,t-FAPI3/t-FAPI3_small_rotation_07
t-FAPI3_small_rotation_08,t-FAPI3,small_rotation,3491413932,t-FAPI3/CONTCAR,24,,1,1.0184004805038973,t-FAPI3/t-FAPI3_small_rotation_08
t-FAPI3_small_rotation_09,t-FAPI3,small_rotation,2344549124,t-FAPI3/CONTCAR,24,,1,1.0184004805038973,t-FAPI3/t-FAPI3_small_rotation_09
t-FAPI3_small_rotation_10,t-FAPI3,small_rotation,2111823114,t-FAPI3/CONTCAR,24,,1,1.0184004805038973,t-FAPI3/t-FAPI3_small_rotation_10
t-FAPI3_small_rotation_11,t-FAPI3,small_rotation,2304314566,t-FAPI3/CONTCAR,24,,2,1.0184004805038973,t-FAPI3/t-FAPI3_small_rotation_11
t-FAPI3_small_rotation_12,t-FAPI3,small_rotation,935183908,t-FAPI3/CONTCAR,24,,2,1.0184004805038978,t-FAPI3/t-FAPI3_small_rotation_12
t-FAPI3_small_rotation_13,t-FAPI3,small_rotation,1940470219,t-FAPI3/CONTCAR,24,,2,1.0184004805038966,t-FAPI3/t-FAPI3_small_rotation_13
t-FAPI3_small_rotation_14,t-FAPI3,small_rotation,1662250830,t-FAPI3/CONTCAR,24,,1,1.018400480503898,t-FAPI3/t-FAPI3_small_rotation_14
t-FAPI3_small_rotation_15,t-FAPI3,small_rotation,3391165254,t-FAPI3/CONTCAR,24,,2,1.0184004805038975,t-FAPI3/t-FAPI3_small_rotation_15
t-FAPI3_small_rotation_16,t-FAPI3,small_rotation,1357441694,t-FAPI3/CONTCAR,24,,1,1.018400480503898,t-FAPI3/t-FAPI3_small_rotation_16
t-FAPI3_small_rotation_17,t-FAPI3,small_rotation,3545876699,t-FAPI3/CONTCAR,24,,1,1.0184004805038975,t-FAPI3/t-FAPI3_small_rotation_17
t-FAPI3_small_rotation_18,t-FAPI3,small_rotation,2721125248,t-FAPI3/CONTCAR,24,,1,1.0184004805038986,t-FAPI3/t-FAPI3_small_rotation_18
t-FAPI3_wide_rotation_01,t-FAPI3,wide_rotation,1049785491,t-FAPI3/CONTCAR,24,,2,1.0184004805038964,t-FAPI3/t-FAPI3_wide_rotation_01
t-FAPI3_wide_rotation_02,t-FAPI3,wide_rotation,3291088126,t-FAPI3/CONTCAR,24,,1,1.0184004805038975,t-FAPI3/t-FAPI3_wide_rotation_02
t-FAPI3_wide_rotation_03,t-FAPI3,wide_rotation,1698154985,t-FAPI3/CONTCAR,24,,2,1.018400480503897,t-FAPI3/t-FAPI3_wide_rotation_03
t-FAPI3_wide_rotation_04,t-FAPI3,wide_rotation,3800937670,t-FAPI3/CONTCAR,24,,1,1.0184004805038975,t-FAPI3/t-FAPI3_wide_rotation_04
t-FAPI3_wide_rotation_05,t-FAPI3,wide_rotation,764672315,t-FAPI3/CONTCAR,24,,2,1.0184004805038975,t-FAPI3/t-FAPI3_wide_rotation_05
t-FAPI3_wide_rotation_06,t-FAPI3,wide_rotation,85244482,t-FAPI3/CONTCAR,24,,1,1.0184004805038975,t-FAPI3/t-FAPI3_wide_rotation_06
t-FAPI3_wide_rotation_07,t-FAPI3,wide_rotation,1427811773,t-FAPI3/CONTCAR,24,,1,1.0184004805038975,t-FAPI3/t-FAPI3_wide_rotation_07
t-FAPI3_wide_rotation_08,t-FAPI3,wide_rotation,4081527428,t-FAPI3/CONTCAR,24,,2,1.0184004805038969,t-FAPI3/t-FAPI3_wide_rotation_08
t-FAPI3_wide_rotation_09,t-FAPI3,wide_rotation,2536593249,t-FAPI3/CONTCAR,24,,1,1.0184004805038975,t-FAPI3/t-FAPI3_wide_rotation_09
t-FAPI3_wide_rotation_10,t-FAPI3,wide_rotation,3331515967,t-FAPI3/CONTCAR,24,,2,1.018400480503898,t-FAPI3/t-FAPI3_wide_rotation_10
t-FAPI3_wide_rotation_11,t-FAPI3,wide_rotation,1582459888,t-FAPI3/CONTCAR,24,,2,1.0184004805038993,t-FAPI3/t-FAPI3_wide_rotation_11
t-FAPI3_wide_rotation_12,t-FAPI3,wide_rotation,2239997256,t-FAPI3/CONTCAR,24,,1,1.0184004805038975,t-FAPI3/t-FAPI3_wide_rotation_12
t-FAPI3_wide_rotation_13,t-FAPI3,wide_rotation,712131915,t-FAPI3/CONTCAR,24,,1,1.018400480503898,t-FAPI3/t-FAPI3_wide_rotation_13
t-FAPI3_wide_rotation_14,t-FAPI3,wide_rotation,1427105273,t-FAPI3/CONTCAR,24,,1,1.0184004805038989,t-FAPI3/t-FAPI3_wide_rotation_14
t-FAPI3_cage_rattle_01,t-FAPI3,cage_rattle,2646302049,t-FAPI3/CONTCAR,24,0.025861671193214315,0,1.0184004805038975,t-FAPI3/t-FAPI3_cage_rattle_01
t-FAPI3_cage_rattle_02,t-FAPI3,cage_rattle,2497439315,t-FAPI3/CONTCAR,24,0.03787297149174437,0,1.0184004805038975,t-FAPI3/t-FAPI3_cage_rattle_02
t-FAPI3_cage_rattle_03,t-FAPI3,cage_rattle,4180180312,t-FAPI3/CONTCAR,24,0.0439934610438584,0,1.0184004805038975,t-FAPI3/t-FAPI3_cage_rattle_03
t-FAPI3_cage_rattle_04,t-FAPI3,cage_rattle,3254529144,t-FAPI3/CONTCAR,24,0.04116710965915711,0,1.0184004805038975,t-FAPI3/t-FAPI3_cage_rattle_04
t-FAPI3_cage_rattle_05,t-FAPI3,cage_rattle,1532174073,t-FAPI3/CONTCAR,24,0.04589105796358399,0,1.0184004805038975,t-FAPI3/t-FAPI3_cage_rattle_05
t-FAPI3_cage_rattle_06,t-FAPI3,cage_rattle,794477069,t-FAPI3/CONTCAR,24,0.02993240971518593,0,1.0184004805038975,t-FAPI3/t-FAPI3_cage_rattle_06
t-FAPI3_cage_rattle_07,t-FAPI3,cage_rattle,3410854411,t-FAPI3/CONTCAR,24,0.03113170310020281,0,1.0184004805038975,t-FAPI3/t-FAPI3_cage_rattle_07
t-FAPI3_cage_rattle_08,t-FAPI3,cage_rattle,3404292951,t-FAPI3/CONTCAR,24,0.02974116354218166,0,1.0184004805038975,t-FAPI3/t-FAPI3_cage_rattle_08
t-FAPI3_cage_rattle_09,t-FAPI3,cage_rattle,1209422841,t-FAPI3/CONTCAR,24,0.0425855109215591,0,1.0184004805038975,t-FAPI3/t-FAPI3_cage_rattle_09
t-FAPI3_cage_rattle_10,t-FAPI3,cage_rattle,2008487984,t-FAPI3/CONTCAR,24,0.04317497864456732,0,1.0184004805038975,t-FAPI3/t-FAPI3_cage_rattle_10
t-FAPI3_cage_rattle_11,t-FAPI3,cage_rattle,156576312,t-FAPI3/CONTCAR,24,0.04466359162133633,0,1.0184004805038975,t-FAPI3/t-FAPI3_cage_rattle_11
t-FAPI3_cage_rattle_12,t-FAPI3,cage_rattle,4205212233,t-FAPI3/CONTCAR,24,0.03640349979213558,0,1.0184004805038975,t-FAPI3/t-FAPI3_cage_rattle_12
t-FAPI3_cage_rattle_13,t-FAPI3,cage_rattle,2137877002,t-FAPI3/CONTCAR,24,0.03768869005983494,0,1.0184004805038975,t-FAPI3/t-FAPI3_cage_rattle_13
t-FAPI3_cage_rattle_14,t-FAPI3,cage_rattle,2621594004,t-FAPI3/CONTCAR,24,0.047119718913333615,0,1.0184004805038975,t-FAPI3/t-FAPI3_cage_rattle_14
t-FAPI3_cage_rattle_15,t-FAPI3,cage_rattle,4017507702,t-FAPI3/CONTCAR,24,0.03772910618341112,0,1.0184004805038975,t-FAPI3/t-FAPI3_cage_rattle_15
t-FAPI3_cage_rattle_16,t-FAPI3,cage_rattle,2438464306,t-FAPI3/CONTCAR,24,0.035480238031899314,0,1.0184004805038975,t-FAPI3/t-FAPI3_cage_rattle_16
t-FAPI3_cage_rattle_17,t-FAPI3,cage_rattle,2872200326,t-FAPI3/CONTCAR,24,0.04375902851343834,0,1.0184004805038975,t-FAPI3/t-FAPI3_cage_rattle_17
t-FAPI3_all_rattle_01,t-FAPI3,all_rattle,2091264016,t-FAPI3/CONTCAR,24,0.05525053536595469,0,0.8997798276537989,t-FAPI3/t-FAPI3_all_rattle_01
t-FAPI3_all_rattle_02,t-FAPI3,all_rattle,2967487925,t-FAPI3/CONTCAR,24,0.059756146280303055,0,0.9862278565183376,t-FAPI3/t-FAPI3_all_rattle_02
t-FAPI3_all_rattle_03,t-FAPI3,all_rattle,3964747857,t-FAPI3/CONTCAR,24,0.02776985580564026,0,0.9694936095446931,t-FAPI3/t-FAPI3_all_rattle_03
t-FAPI3_all_rattle_04,t-FAPI3,all_rattle,399645231,t-FAPI3/CONTCAR,24,0.05471325858993499,0,0.9433402791812764,t-FAPI3/t-FAPI3_all_rattle_04
t-FAPI3_all_rattle_05,t-FAPI3,all_rattle,4277976050,t-FAPI3/CONTCAR,24,0.03570061522417835,0,0.9516697873095474,t-FAPI3/t-FAPI3_all_rattle_05
t-FAPI3_all_rattle_06,t-FAPI3,all_rattle,2204627086,t-FAPI3/CONTCAR,24,0.06332359502428091,0,0.9323301770398182,t-FAPI3/t-FAPI3_all_rattle_06
t-FAPI3_all_rattle_07,t-FAPI3,all_rattle,3682180487,t-FAPI3/CONTCAR,24,0.06338159104564821,0,0.899213488785882,t-FAPI3/t-FAPI3_all_rattle_07
t-FAPI3_all_rattle_08,t-FAPI3,all_rattle,3545552176,t-FAPI3/CONTCAR,24,0.03590750556274919,0,0.9269651910723831,t-FAPI3/t-FAPI3_all_rattle_08
t-FAPI3_all_rattle_09,t-FAPI3,all_rattle,2303418162,t-FAPI3/CONTCAR,24,0.050562936357127566,0,0.9158007774161758,t-FAPI3/t-FAPI3_all_rattle_09
t-FAPI3_all_rattle_10,t-FAPI3,all_rattle,2055787085,t-FAPI3/CONTCAR,24,0.059377611248692744,0,0.9670156770455706,t-FAPI3/t-FAPI3_all_rattle_10
t-FAPI3_all_rattle_11,t-FAPI3,all_rattle,1906171184,t-FAPI3/CONTCAR,24,0.04147941306103213,0,0.8648415699824146,t-FAPI3/t-FAPI3_all_rattle_11
t-FAPI3_all_rattle_12,t-FAPI3,all_rattle,3997102086,t-FAPI3/CONTCAR,24,0.061370555143125505,0,0.9068563700436396,t-FAPI3/t-FAPI3_all_rattle_12
t-FAPI3_all_rattle_13,t-FAPI3,all_rattle,2994406834,t-FAPI3/CONTCAR,24,0.047657705312999565,0,0.9589029926754157,t-FAPI3/t-FAPI3_all_rattle_13
t-FAPI3_all_rattle_14,t-FAPI3,all_rattle,442853200,t-FAPI3/CONTCAR,24,0.02447695351048219,0,0.9618903440972414,t-FAPI3/t-FAPI3_all_rattle_14
t-FAPI3_all_rattle_15,t-FAPI3,all_rattle,2457972471,t-FAPI3/CONTCAR,24,0.03776407148893329,0,0.9457101728172418,t-FAPI3/t-FAPI3_all_rattle_15
t-FAPI3_all_rattle_16,t-FAPI3,all_rattle,461500476,t-FAPI3/CONTCAR,24,0.02745498785457149,0,0.9809290993397322,t-FAPI3/t-FAPI3_all_rattle_16
t-FAPI3_all_rattle_17,t-FAPI3,all_rattle,4214912556,t-FAPI3/CONTCAR,24,0.02048730666479206,0,0.9818525936830819,t-FAPI3/t-FAPI3_all_rattle_17
t-FAPI3_strain_rattle_01,t-FAPI3,strain_rattle,2015970803,t-FAPI3/CONTCAR,24,0.01591485656123893,0,1.0168416901724084,t-FAPI3/t-FAPI3_strain_rattle_01
t-FAPI3_strain_rattle_02,t-FAPI3,strain_rattle,3935958245,t-FAPI3/CONTCAR,24,0.015689853585964038,0,1.0115809731031769,t-FAPI3/t-FAPI3_strain_rattle_02
t-FAPI3_strain_rattle_03,t-FAPI3,strain_rattle,1228892460,t-FAPI3/CONTCAR,24,0.03453939441960905,0,1.0128723101796606,t-FAPI3/t-FAPI3_strain_rattle_03
t-FAPI3_strain_rattle_04,t-FAPI3,strain_rattle,3550014847,t-FAPI3/CONTCAR,24,0.03404210436628492,0,1.0070015430745056,t-FAPI3/t-FAPI3_strain_rattle_04
t-FAPI3_strain_rattle_05,t-FAPI3,strain_rattle,1280617861,t-FAPI3/CONTCAR,24,0.032490925636789285,0,1.0175113716708561,t-FAPI3/t-FAPI3_strain_rattle_05
t-FAPI3_strain_rattle_06,t-FAPI3,strain_rattle,1468167705,t-FAPI3/CONTCAR,24,0.015742801907637348,0,1.0048055107238276,t-FAPI3/t-FAPI3_strain_rattle_06
t-FAPI3_strain_rattle_07,t-FAPI3,strain_rattle,544760014,t-FAPI3/CONTCAR,24,0.02783402671902163,0,1.0002789564908692,t-FAPI3/t-FAPI3_strain_rattle_07
t-FAPI3_strain_rattle_08,t-FAPI3,strain_rattle,4224899628,t-FAPI3/CONTCAR,24,0.022587442460104877,0,1.0120544309922967,t-FAPI3/t-FAPI3_strain_rattle_08
t-FAPI3_strain_rattle_09,t-FAPI3,strain_rattle,2747692741,t-FAPI3/CONTCAR,24,0.013225328541284349,0,1.0159470269600765,t-FAPI3/t-FAPI3_strain_rattle_09
t-FAPI3_strain_rattle_10,t-FAPI3,strain_rattle,1342081236,t-FAPI3/CONTCAR,24,0.017675095190626156,0,1.0128366102756607,t-FAPI3/t-FAPI3_strain_rattle_10
t-FAPI3_strain_rattle_11,t-FAPI3,strain_rattle,357569262,t-FAPI3/CONTCAR,24,0.012025806623100977,0,1.0159788262551845,t-FAPI3/t-FAPI3_strain_rattle_11
t-FAPI3_strain_rattle_12,t-FAPI3,strain_rattle,2865988132,t-FAPI3/CONTCAR,24,0.01116681757636462,0,1.0051635467846085,t-FAPI3/t-FAPI3_strain_rattle_12
t-FAPI3_strain_rattle_13,t-FAPI3,strain_rattle,428720862,t-FAPI3/CONTCAR,24,0.029867674391247462,0,1.0052684381065502,t-FAPI3/t-FAPI3_strain_rattle_13
t-FAPI3_strain_rattle_14,t-FAPI3,strain_rattle,1361156470,t-FAPI3/CONTCAR,24,0.015614299339152888,0,0.9970512860397247,t-FAPI3/t-FAPI3_strain_rattle_14
t-FAPI3_strain_rattle_15,t-FAPI3,strain_rattle,3421711136,t-FAPI3/CONTCAR,24,0.02789106881601256,0,1.019225226544356,t-FAPI3/t-FAPI3_strain_rattle_15
t-FAPI3_strain_rattle_16,t-FAPI3,strain_rattle,2658944019,t-FAPI3/CONTCAR,24,0.017596105884077874,0,1.0090552569373408,t-FAPI3/t-FAPI3_strain_rattle_16
t-FAPI3_strain_rattle_17,t-FAPI3,strain_rattle,3439239723,t-FAPI3/CONTCAR,24,0.017166286459499584,0,1.0160033878014616,t-FAPI3/t-FAPI3_strain_rattle_17
t-FAPI3_mixed_01,t-FAPI3,mixed,1915546367,t-FAPI3/CONTCAR,24,0.03569931896058165,1,0.9213734276337002,t-FAPI3/t-FAPI3_mixed_01
t-FAPI3_mixed_02,t-FAPI3,mixed,3947787327,t-FAPI3/CONTCAR,24,0.03809264513966665,1,0.9514743926421305,t-FAPI3/t-FAPI3_mixed_02
t-FAPI3_mixed_03,t-FAPI3,mixed,3250864131,t-FAPI3/CONTCAR,24,0.049560820139317986,1,0.8840963770920409,t-FAPI3/t-FAPI3_mixed_03
t-FAPI3_mixed_04,t-FAPI3,mixed,743749397,t-FAPI3/CONTCAR,24,0.01994130533163702,1,0.9722567880623917,t-FAPI3/t-FAPI3_mixed_04
t-FAPI3_mixed_05,t-FAPI3,mixed,3469388101,t-FAPI3/CONTCAR,24,0.04379472601809922,1,0.884948956589591,t-FAPI3/t-FAPI3_mixed_05
t-FAPI3_mixed_06,t-FAPI3,mixed,312317121,t-FAPI3/CONTCAR,24,0.022069895852169077,1,0.9815605710242684,t-FAPI3/t-FAPI3_mixed_06
t-FAPI3_mixed_07,t-FAPI3,mixed,3191567480,t-FAPI3/CONTCAR,24,0.030692313536329018,2,0.9273645726048839,t-FAPI3/t-FAPI3_mixed_07
t-FAPI3_mixed_08,t-FAPI3,mixed,563541034,t-FAPI3/CONTCAR,24,0.042712169726360674,1,0.9457097895782904,t-FAPI3/t-FAPI3_mixed_08
t-FAPI3_mixed_09,t-FAPI3,mixed,3374372360,t-FAPI3/CONTCAR,24,0.03026280595177467,2,0.9731781077364902,t-FAPI3/t-FAPI3_mixed_09
t-FAPI3_mixed_10,t-FAPI3,mixed,317851060,t-FAPI3/CONTCAR,24,0.029558083758163045,2,0.9835275694198149,t-FAPI3/t-FAPI3_mixed_10
t-FAPI3_mixed_11,t-FAPI3,mixed,2227301912,t-FAPI3/CONTCAR,24,0.015504773545613191,2,0.9916656288277725,t-FAPI3/t-FAPI3_mixed_11
t-FAPI3_mixed_12,t-FAPI3,mixed,1826210991,t-FAPI3/CONTCAR,24,0.0194099212844693,1,0.9990000558594953,t-FAPI3/t-FAPI3_mixed_12
t-FAPI3_mixed_13,t-FAPI3,mixed,3935123146,t-FAPI3/CONTCAR,24,0.035141604173202556,2,0.969034144671516,t-FAPI3/t-FAPI3_mixed_13
t-FAPI3_mixed_14,t-FAPI3,mixed,2532100801,t-FAPI3/CONTCAR,24,0.01531673907599012,1,0.9762129336625792,t-FAPI3/t-FAPI3_mixed_14
t-FAPI3_mixed_15,t-FAPI3,mixed,2570233932,t-FAPI3/CONTCAR,24,0.0406386629586309,1,0.9368953774285294,t-FAPI3/t-FAPI3_mixed_15
t-FAPI3_mixed_16,t-FAPI3,mixed,337318137,t-FAPI3/CONTCAR,24,0.03770563303531134,1,0.9438866534353494,t-FAPI3/t-FAPI3_mixed_16
t-FAPI3_mixed_17,t-FAPI3,mixed,469458426,t-FAPI3/CONTCAR,24,0.04056919877956816,1,0.9190365801557049,t-FAPI3/t-FAPI3_mixed_17
