config_id,phase,family,distortion_label,severity,seed,seed_origin,seed_origin_config_id,minimum_distance_A,directory
t-FAPI3_al_global_rattle_01__global_rattle__sev-0.208__seed-new,t-FAPI3,global_rattle,global_rattle,0.208,1638607990,new,,1.0249337236660427,t-FAPI3/t-FAPI3_al_global_rattle_01__global_rattle__sev-0.208__seed-new
t-FAPI3_al_global_rattle_02__global_rattle__sev-0.224__seed-new,t-FAPI3,global_rattle,global_rattle,0.224,3775353260,new,,0.8572370765158783,t-FAPI3/t-FAPI3_al_global_rattle_02__global_rattle__sev-0.224__seed-new
t-FAPI3_al_global_rattle_03__global_rattle__sev-0.240__seed-parity,t-FAPI3,global_rattle,global_rattle,0.24,347544039,parity,t-FAPI3_parity_12__global_rattle__sev-0.2,0.927645445226185,t-FAPI3/t-FAPI3_al_global_rattle_03__global_rattle__sev-0.240__seed-parity
t-FAPI3_al_global_rattle_04__global_rattle__sev-0.256__seed-new,t-FAPI3,global_rattle,global_rattle,0.256,3065620901,new,,0.8496576643545233,t-FAPI3/t-FAPI3_al_global_rattle_04__global_rattle__sev-0.256__seed-new
t-FAPI3_al_global_rattle_05__global_rattle__sev-0.272__seed-new,t-FAPI3,global_rattle,global_rattle,0.272,732447489,new,,0.8396919011326015,t-FAPI3/t-FAPI3_al_global_rattle_05__global_rattle__sev-0.272__seed-new
t-FAPI3_al_global_rattle_06__global_rattle__sev-0.288__seed-new,t-FAPI3,global_rattle,global_rattle,0.288,3468941427,new,,0.9892962960697573,t-FAPI3/t-FAPI3_al_global_rattle_06__global_rattle__sev-0.288__seed-new
t-FAPI3_al_global_rattle_07__global_rattle__sev-0.304__seed-new,t-FAPI3,global_rattle,global_rattle,0.304,1137749044,new,,0.8751456770804467,t-FAPI3/t-FAPI3_al_global_rattle_07__global_rattle__sev-0.304__seed-new
t-FAPI3_al_global_rattle_08__global_rattle__sev-0.320__seed-parity,t-FAPI3,global_rattle,global_rattle,0.32,2130594558,parity,t-FAPI3_parity_14__global_rattle__sev-0.4,0.9255655987213962,t-FAPI3/t-FAPI3_al_global_rattle_08__global_rattle__sev-0.320__seed-parity
t-FAPI3_al_global_rattle_09__global_rattle__sev-0.336__seed-new,t-FAPI3,global_rattle,global_rattle,0.336,3683584627,new,,0.8495800631837149,t-FAPI3/t-FAPI3_al_global_rattle_09__global_rattle__sev-0.336__seed-new
t-FAPI3_al_global_rattle_10__global_rattle__sev-0.352__seed-new,t-FAPI3,global_rattle,global_rattle,0.352,2715035719,new,,0.8939613100650722,t-FAPI3/t-FAPI3_al_global_rattle_10__global_rattle__sev-0.352__seed-new
t-FAPI3_al_global_rattle_11__global_rattle__sev-0.368__seed-new,t-FAPI3,global_rattle,global_rattle,0.368,1677727419,new,,0.9357045831780499,t-FAPI3/t-FAPI3_al_global_rattle_11__global_rattle__sev-0.368__seed-new
t-FAPI3_al_global_rattle_12__global_rattle__sev-0.384__seed-new,t-FAPI3,global_rattle,global_rattle,0.384,3334769154,new,,0.7294159089244682,t-FAPI3/t-FAPI3_al_global_rattle_12__global_rattle__sev-0.384__seed-new
t-FAPI3_al_global_rattle_13__global_rattle__sev-0.400__seed-parity,t-FAPI3,global_rattle,global_rattle,0.4,896969109,parity,t-FAPI3_parity_16__global_rattle__sev-0.6,0.9097441333930884,t-FAPI3/t-FAPI3_al_global_rattle_13__global_rattle__sev-0.400__seed-parity
t-FAPI3_al_global_rattle_14__global_rattle__sev-0.416__seed-new,t-FAPI3,global_rattle,global_rattle,0.416,3847535413,new,,0.6702099975149571,t-FAPI3/t-FAPI3_al_global_rattle_14__global_rattle__sev-0.416__seed-new
t-FAPI3_al_global_rattle_15__global_rattle__sev-0.432__seed-new,t-FAPI3,global_rattle,global_rattle,0.432,2221333174,new,,0.7692973360000752,t-FAPI3/t-FAPI3_al_global_rattle_15__global_rattle__sev-0.432__seed-new
t-FAPI3_al_global_rattle_16__global_rattle__sev-0.448__seed-new,t-FAPI3,global_rattle,global_rattle,0.448,2672412283,new,,0.8551721462456009,t-FAPI3/t-FAPI3_al_global_rattle_16__global_rattle__sev-0.448__seed-new
t-FAPI3_al_global_rattle_17__global_rattle__sev-0.464__seed-new,t-FAPI3,global_rattle,global_rattle,0.464,2062456882,new,,0.9376276562451982,t-FAPI3/t-FAPI3_al_global_rattle_17__global_rattle__sev-0.464__seed-new
t-FAPI3_al_global_rattle_18__global_rattle__sev-0.480__seed-parity,t-FAPI3,global_rattle,global_rattle,0.48,2856594127,parity,t-FAPI3_parity_18__global_rattle__sev-0.8,0.8328663533694458,t-FAPI3/t-FAPI3_al_global_rattle_18__global_rattle__sev-0.480__seed-parity
t-FAPI3_al_global_rattle_19__global_rattle__sev-0.496__seed-new,t-FAPI3,global_rattle,global_rattle,0.496,3228527386,new,,0.896300640525187,t-FAPI3/t-FAPI3_al_global_rattle_19__global_rattle__sev-0.496__seed-new
t-FAPI3_al_global_rattle_20__global_rattle__sev-0.512__seed-new,t-FAPI3,global_rattle,global_rattle,0.512,4223592017,new,,0.8822446179138912,t-FAPI3/t-FAPI3_al_global_rattle_20__global_rattle__sev-0.512__seed-new
t-FAPI3_al_global_rattle_21__global_rattle__sev-0.528__seed-new,t-FAPI3,global_rattle,global_rattle,0.528,1056656662,new,,0.9059469706397394,t-FAPI3/t-FAPI3_al_global_rattle_21__global_rattle__sev-0.528__seed-new
t-FAPI3_al_global_rattle_22__global_rattle__sev-0.544__seed-new,t-FAPI3,global_rattle,global_rattle,0.544,2748656156,new,,0.8340266702609576,t-FAPI3/t-FAPI3_al_global_rattle_22__global_rattle__sev-0.544__seed-new
t-FAPI3_al_global_rattle_23__global_rattle__sev-0.560__seed-parity,t-FAPI3,global_rattle,global_rattle,0.56,3728018837,parity,t-FAPI3_parity_20__global_rattle__sev-1.0,0.8000543822122673,t-FAPI3/t-FAPI3_al_global_rattle_23__global_rattle__sev-0.560__seed-parity
t-FAPI3_al_global_rattle_24__global_rattle__sev-0.576__seed-new,t-FAPI3,global_rattle,global_rattle,0.576,2530019190,new,,0.8956204233134386,t-FAPI3/t-FAPI3_al_global_rattle_24__global_rattle__sev-0.576__seed-new
t-FAPI3_al_global_rattle_25__global_rattle__sev-0.592__seed-new,t-FAPI3,global_rattle,global_rattle,0.592,4160889706,new,,0.775640919409967,t-FAPI3/t-FAPI3_al_global_rattle_25__global_rattle__sev-0.592__seed-new
t-FAPI3_al_combined_01__combined_strain_rattle_fa_rotation__sev-0.208__seed-new,t-FAPI3,combined,combined_strain_rattle_fa_rotation,0.208,469357205,new,,0.955510868333803,t-FAPI3/t-FAPI3_al_combined_01__combined_strain_rattle_fa_rotation__sev-0.208__seed-new
t-FAPI3_al_combined_02__combined_strain_rattle_fa_rotation__sev-0.224__seed-new,t-FAPI3,combined,combined_strain_rattle_fa_rotation,0.224,46993116,new,,0.9252252691960186,t-FAPI3/t-FAPI3_al_combined_02__combined_strain_rattle_fa_rotation__sev-0.224__seed-new
t-FAPI3_al_combined_03__combined_strain_rattle_fa_rotation__sev-0.240__seed-parity,t-FAPI3,combined,combined_strain_rattle_fa_rotation,0.24,4025090763,parity,t-FAPI3_parity_42__combined_strain_rattle_fa_rotation__sev-0.2,0.9193506636183901,t-FAPI3/t-FAPI3_al_combined_03__combined_strain_rattle_fa_rotation__sev-0.240__seed-parity
t-FAPI3_al_combined_04__combined_strain_rattle_fa_rotation__sev-0.256__seed-new,t-FAPI3,combined,combined_strain_rattle_fa_rotation,0.256,1887064011,new,,0.8707176422904858,t-FAPI3/t-FAPI3_al_combined_04__combined_strain_rattle_fa_rotation__sev-0.256__seed-new
t-FAPI3_al_combined_05__combined_strain_rattle_fa_rotation__sev-0.272__seed-new,t-FAPI3,combined,combined_strain_rattle_fa_rotation,0.272,4055266350,new,,0.9708361071758436,t-FAPI3/t-FAPI3_al_combined_05__combined_strain_rattle_fa_rotation__sev-0.272__seed-new
t-FAPI3_al_combined_06__combined_strain_rattle_fa_rotation__sev-0.288__seed-new,t-FAPI3,combined,combined_strain_rattle_fa_rotation,0.288,3681915892,new,,0.8599872597153622,t-FAPI3/t-FAPI3_al_combined_06__combined_strain_rattle_fa_rotation__sev-0.288__seed-new
t-FAPI3_al_combined_07__combined_strain_rattle_fa_rotation__sev-0.304__seed-new,t-FAPI3,combined,combined_strain_rattle_fa_rotation,0.304,2262441931,new,,0.9157869489342568,t-FAPI3/t-FAPI3_al_combined_07__combined_strain_rattle_fa_rotation__sev-0.304__seed-new
t-FAPI3_al_combined_08__combined_strain_rattle_fa_rotation__sev-0.320__seed-parity,t-FAPI3,combined,combined_strain_rattle_fa_rotation,0.32,1877520591,parity,t-FAPI3_parity_44__combined_strain_rattle_fa_rotation__sev-0.4,0.8718652529979264,t-FAPI3/t-FAPI3_al_combined_08__combined_strain_rattle_fa_rotation__sev-0.320__seed-parity
t-FAPI3_al_combined_09__combined_strain_rattle_fa_rotation__sev-0.336__seed-new,t-FAPI3,combined,combined_strain_rattle_fa_rotation,0.336,3139265000,new,,0.8850788868690832,t-FAPI3/t-FAPI3_al_combined_09__combined_strain_rattle_fa_rotation__sev-0.336__seed-new
t-FAPI3_al_combined_10__combined_strain_rattle_fa_rotation__sev-0.352__seed-new,t-FAPI3,combined,combined_strain_rattle_fa_rotation,0.352,706835477,new,,0.9800197564526092,t-FAPI3/t-FAPI3_al_combined_10__combined_strain_rattle_fa_rotation__sev-0.352__seed-new
t-FAPI3_al_combined_11__combined_strain_rattle_fa_rotation__sev-0.368__seed-new,t-FAPI3,combined,combined_strain_rattle_fa_rotation,0.368,1196564739,new,,0.8498162767677674,t-FAPI3/t-FAPI3_al_combined_11__combined_strain_rattle_fa_rotation__sev-0.368__seed-new
t-FAPI3_al_combined_12__combined_strain_rattle_fa_rotation__sev-0.384__seed-new,t-FAPI3,combined,combined_strain_rattle_fa_rotation,0.384,1973722922,new,,0.8603459698160589,t-FAPI3/t-FAPI3_al_combined_12__combined_strain_rattle_fa_rotation__sev-0.384__seed-new
t-FAPI3_al_combined_13__combined_strain_rattle_fa_rotation__sev-0.400__seed-parity,t-FAPI3,combined,combined_strain_rattle_fa_rotation,0.4,4125719901,parity,t-FAPI3_parity_46__combined_strain_rattle_fa_rotation__sev-0.6,0.9508533001820426,t-FAPI3/t-FAPI3_al_combined_13__combined_strain_rattle_fa_rotation__sev-0.400__seed-parity
t-FAPI3_al_combined_14__combined_strain_rattle_fa_rotation__sev-0.416__seed-new,t-FAPI3,combined,combined_strain_rattle_fa_rotation,0.416,1014259289,new,,0.953007075750806,t-FAPI3/t-FAPI3_al_combined_14__combined_strain_rattle_fa_rotation__sev-0.416__seed-new
t-FAPI3_al_combined_15__combined_strain_rattle_fa_rotation__sev-0.432__seed-new,t-FAPI3,combined,combined_strain_rattle_fa_rotation,0.432,1252557385,new,,0.8231922078744864,t-FAPI3/t-FAPI3_al_combined_15__combined_strain_rattle_fa_rotation__sev-0.432__seed-new
t-FAPI3_al_combined_16__combined_strain_rattle_fa_rotation__sev-0.448__seed-new,t-FAPI3,combined,combined_strain_rattle_fa_rotation,0.448,3383612812,new,,0.9241043301746001,t-FAPI3/t-FAPI3_al_combined_16__combined_strain_rattle_fa_rotation__sev-0.448__seed-new
t-FAPI3_al_combined_17__combined_strain_rattle_fa_rotation__sev-0.464__seed-new,t-FAPI3,combined,combined_strain_rattle_fa_rotation,0.464,3598747751,new,,0.8627629932519153,t-FAPI3/t-FAPI3_al_combined_17__combined_strain_rattle_fa_rotation__sev-0.464__seed-new
t-FAPI3_al_combined_18__combined_strain_rattle_fa_rotation__sev-0.480__seed-parity,t-FAPI3,combined,combined_strain_rattle_fa_rotation,0.48,1565246092,parity,t-FAPI3_parity_48__combined_strain_rattle_fa_rotation__sev-0.8,0.7823092844930475,t-FAPI3/t-FAPI3_al_combined_18__combined_strain_rattle_fa_rotation__sev-0.480__seed-parity
t-FAPI3_al_combined_19__combined_strain_rattle_fa_rotation__sev-0.496__seed-new,t-FAPI3,combined,combined_strain_rattle_fa_rotation,0.496,1075243148,new,,0.8278068235097175,t-FAPI3/t-FAPI3_al_combined_19__combined_strain_rattle_fa_rotation__sev-0.496__seed-new
t-FAPI3_al_combined_20__combined_strain_rattle_fa_rotation__sev-0.512__seed-new,t-FAPI3,combined,combined_strain_rattle_fa_rotation,0.512,2301741196,new,,0.8975213854985262,t-FAPI3/t-FAPI3_al_combined_20__combined_strain_rattle_fa_rotation__sev-0.512__seed-new
t-FAPI3_al_combined_21__combined_strain_rattle_fa_rotation__sev-0.528__seed-new,t-FAPI3,combined,combined_strain_rattle_fa_rotation,0.528,3324483476,new,,0.9949555165038335,t-FAPI3/t-FAPI3_al_combined_21__combined_strain_rattle_fa_rotation__sev-0.528__seed-new
t-FAPI3_al_combined_22__combined_strain_rattle_fa_rotation__sev-0.544__seed-new,t-FAPI3,combined,combined_strain_rattle_fa_rotation,0.544,403052389,new,,0.7442260708368827,t-FAPI3/t-FAPI3_al_combined_22__combined_strain_rattle_fa_rotation__sev-0.544__seed-new
t-FAPI3_al_combined_23__combined_strain_rattle_fa_rotation__sev-0.560__seed-parity,t-FAPI3,combined,combined_strain_rattle_fa_rotation,0.56,2401096036,parity,t-FAPI3_parity_50__combined_strain_rattle_fa_rotation__sev-1.0,0.9241100454043958,t-FAPI3/t-FAPI3_al_combined_23__combined_strain_rattle_fa_rotation__sev-0.560__seed-parity
t-FAPI3_al_combined_24__combined_strain_rattle_fa_rotation__sev-0.576__seed-new,t-FAPI3,combined,combined_strain_rattle_fa_rotation,0.576,3141299006,new,,0.6877540156894351,t-FAPI3/t-FAPI3_al_combined_24__combined_strain_rattle_fa_rotation__sev-0.576__seed-new
t-FAPI3_al_combined_25__combined_strain_rattle_fa_rotation__sev-0.592__seed-new,t-FAPI3,combined,combined_strain_rattle_fa_rotation,0.592,2964556346,new,,0.9041964136412042,t-FAPI3/t-FAPI3_al_combined_25__combined_strain_rattle_fa_rotation__sev-0.592__seed-new
O-FAPI3_al_global_rattle_01__global_rattle__sev-0.207__seed-new,O-FAPI3,global_rattle,global_rattle,0.206667,3286072468,new,,0.9137270490496557,O-FAPI3/O-FAPI3_al_global_rattle_01__global_rattle__sev-0.207__seed-new
O-FAPI3_al_global_rattle_02__global_rattle__sev-0.220__seed-new,O-FAPI3,global_rattle,global_rattle,0.22,59990964,new,,0.7892576767156039,O-FAPI3/O-FAPI3_al_global_rattle_02__global_rattle__sev-0.220__seed-new
O-FAPI3_al_global_rattle_03__global_rattle__sev-0.233__seed-parity,O-FAPI3,global_rattle,global_rattle,0.233333,1508704073,parity,O-FAPI3_parity_11__global_rattle__sev-0.1,0.8467073149663635,O-FAPI3/O-FAPI3_al_global_rattle_03__global_rattle__sev-0.233__seed-parity
O-FAPI3_al_global_rattle_04__global_rattle__sev-0.247__seed-new,O-FAPI3,global_rattle,global_rattle,0.246667,1347997030,new,,0.8251339085881598,O-FAPI3/O-FAPI3_al_global_rattle_04__global_rattle__sev-0.247__seed-new
O-FAPI3_al_global_rattle_05__global_rattle__sev-0.260__seed-new,O-FAPI3,global_rattle,global_rattle,0.26,4204536852,new,,0.8392124087299455,O-FAPI3/O-FAPI3_al_global_rattle_05__global_rattle__sev-0.260__seed-new
O-FAPI3_al_global_rattle_06__global_rattle__sev-0.273__seed-new,O-FAPI3,global_rattle,global_rattle,0.273333,4267185352,new,,0.8682896684002573,O-FAPI3/O-FAPI3_al_global_rattle_06__global_rattle__sev-0.273__seed-new
O-FAPI3_al_global_rattle_07__global_rattle__sev-0.287__seed-new,O-FAPI3,global_rattle,global_rattle,0.286667,1093906172,new,,0.8415039789137224,O-FAPI3/O-FAPI3_al_global_rattle_07__global_rattle__sev-0.287__seed-new
O-FAPI3_al_global_rattle_08__global_rattle__sev-0.300__seed-parity,O-FAPI3,global_rattle,global_rattle,0.3,629855035,parity,O-FAPI3_parity_12__global_rattle__sev-0.2,0.8468077902454675,O-FAPI3/O-FAPI3_al_global_rattle_08__global_rattle__sev-0.300__seed-parity
O-FAPI3_al_global_rattle_09__global_rattle__sev-0.313__seed-new,O-FAPI3,global_rattle,global_rattle,0.313333,936175226,new,,0.8701892151983551,O-FAPI3/O-FAPI3_al_global_rattle_09__global_rattle__sev-0.313__seed-new
O-FAPI3_al_global_rattle_10__global_rattle__sev-0.327__seed-new,O-FAPI3,global_rattle,global_rattle,0.326667,2091820721,new,,0.8419944478682776,O-FAPI3/O-FAPI3_al_global_rattle_10__global_rattle__sev-0.327__seed-new
O-FAPI3_al_global_rattle_11__global_rattle__sev-0.340__seed-new,O-FAPI3,global_rattle,global_rattle,0.34,3791404926,new,,0.8512987843426529,O-FAPI3/O-FAPI3_al_global_rattle_11__global_rattle__sev-0.340__seed-new
O-FAPI3_al_global_rattle_12__global_rattle__sev-0.353__seed-new,O-FAPI3,global_rattle,global_rattle,0.353333,493801276,new,,0.8320990394426241,O-FAPI3/O-FAPI3_al_global_rattle_12__global_rattle__sev-0.353__seed-new
O-FAPI3_al_global_rattle_13__global_rattle__sev-0.367__seed-parity,O-FAPI3,global_rattle,global_rattle,0.366667,2252567379,parity,O-FAPI3_parity_15__global_rattle__sev-0.5,0.7886113918720956,O-FAPI3/O-FAPI3_al_global_rattle_13__global_rattle__sev-0.367__seed-parity
O-FAPI3_al_global_rattle_14__global_rattle__sev-0.380__seed-new,O-FAPI3,global_rattle,global_rattle,0.38,294968988,new,,0.8721173024364688,O-FAPI3/O-FAPI3_al_global_rattle_14__global_rattle__sev-0.380__seed-new
O-FAPI3_al_global_rattle_15__global_rattle__sev-0.393__seed-new,O-FAPI3,global_rattle,global_rattle,0.393333,757039206,new,,0.860507581777918,O-FAPI3/O-FAPI3_al_global_rattle_15__global_rattle__sev-0.393__seed-new
O-FAPI3_al_global_rattle_16__global_rattle__sev-0.407__seed-new,O-FAPI3,global_rattle,global_rattle,0.406667,3440528164,new,,0.8546310966937912,O-FAPI3/O-FAPI3_al_global_rattle_16__global_rattle__sev-0.407__seed-new
O-FAPI3_al_global_rattle_17__global_rattle__sev-0.420__seed-new,O-FAPI3,global_rattle,global_rattle,0.42,2917967121,new,,0.8688413370826185,O-FAPI3/O-FAPI3_al_global_rattle_17__global_rattle__sev-0.420__seed-new
O-FAPI3_al_global_rattle_18__global_rattle__sev-0.433__seed-parity,O-FAPI3,global_rattle,global_rattle,0.433333,3081827767,parity,O-FAPI3_parity_16__global_rattle__sev-0.6,0.7270411210310779,O-FAPI3/O-FAPI3_al_global_rattle_18__global_rattle__sev-0.433__seed-parity
O-FAPI3_al_global_rattle_19__global_rattle__sev-0.447__seed-new,O-FAPI3,global_rattle,global_rattle,0.446667,1576694811,new,,0.8350017440159041,O-FAPI3/O-FAPI3_al_global_rattle_19__global_rattle__sev-0.447__seed-new
O-FAPI3_al_global_rattle_20__global_rattle__sev-0.460__seed-new,O-FAPI3,global_rattle,global_rattle,0.46,4111103319,new,,0.8141767213348495,O-FAPI3/O-FAPI3_al_global_rattle_20__global_rattle__sev-0.460__seed-new
O-FAPI3_al_global_rattle_21__global_rattle__sev-0.473__seed-new,O-FAPI3,global_rattle,global_rattle,0.473333,2951562092,new,,0.7991556441244001,O-FAPI3/O-FAPI3_al_global_rattle_21__global_rattle__sev-0.473__seed-new
O-FAPI3_al_global_rattle_22__global_rattle__sev-0.487__seed-new,O-FAPI3,global_rattle,global_rattle,0.486667,2136075623,new,,0.8855390155408078,O-FAPI3/O-FAPI3_al_global_rattle_22__global_rattle__sev-0.487__seed-new
O-FAPI3_al_global_rattle_23__global_rattle__sev-0.500__seed-parity,O-FAPI3,global_rattle,global_rattle,0.5,3391614287,parity,O-FAPI3_parity_18__global_rattle__sev-0.8,0.8131527012257331,O-FAPI3/O-FAPI3_al_global_rattle_23__global_rattle__sev-0.500__seed-parity
O-FAPI3_al_global_rattle_24__global_rattle__sev-0.513__seed-new,O-FAPI3,global_rattle,global_rattle,0.513333,3366644633,new,,0.7182915532971349,O-FAPI3/O-FAPI3_al_global_rattle_24__global_rattle__sev-0.513__seed-new
O-FAPI3_al_global_rattle_25__global_rattle__sev-0.527__seed-new,O-FAPI3,global_rattle,global_rattle,0.526667,2321733110,new,,0.699202869319772,O-FAPI3/O-FAPI3_al_global_rattle_25__global_rattle__sev-0.527__seed-new
O-FAPI3_al_global_rattle_26__global_rattle__sev-0.540__seed-new,O-FAPI3,global_rattle,global_rattle,0.54,2895524826,new,,0.7025341838272504,O-FAPI3/O-FAPI3_al_global_rattle_26__global_rattle__sev-0.540__seed-new
O-FAPI3_al_global_rattle_27__global_rattle__sev-0.553__seed-new,O-FAPI3,global_rattle,global_rattle,0.553333,1745376292,new,,0.8139007753105372,O-FAPI3/O-FAPI3_al_global_rattle_27__global_rattle__sev-0.553__seed-new
O-FAPI3_al_global_rattle_28__global_rattle__sev-0.567__seed-parity,O-FAPI3,global_rattle,global_rattle,0.566667,3256580899,parity,O-FAPI3_parity_20__global_rattle__sev-1.0,0.7604765787157066,O-FAPI3/O-FAPI3_al_global_rattle_28__global_rattle__sev-0.567__seed-parity
O-FAPI3_al_global_rattle_29__global_rattle__sev-0.580__seed-new,O-FAPI3,global_rattle,global_rattle,0.58,108919566,new,,0.8095632965626158,O-FAPI3/O-FAPI3_al_global_rattle_29__global_rattle__sev-0.580__seed-new
O-FAPI3_al_global_rattle_30__global_rattle__sev-0.593__seed-new,O-FAPI3,global_rattle,global_rattle,0.593333,1665721743,new,,0.7561618613109428,O-FAPI3/O-FAPI3_al_global_rattle_30__global_rattle__sev-0.593__seed-new
O-FAPI3_al_combined_01__combined_strain_rattle_fa_rotation__sev-0.407__seed-new,O-FAPI3,combined,combined_strain_rattle_fa_rotation,0.4075,1899588555,new,,0.8887063002929686,O-FAPI3/O-FAPI3_al_combined_01__combined_strain_rattle_fa_rotation__sev-0.407__seed-new
O-FAPI3_al_combined_02__combined_strain_rattle_fa_rotation__sev-0.422__seed-new,O-FAPI3,combined,combined_strain_rattle_fa_rotation,0.4225,1974325161,new,,0.7745054836685251,O-FAPI3/O-FAPI3_al_combined_02__combined_strain_rattle_fa_rotation__sev-0.422__seed-new
O-FAPI3_al_combined_03__combined_strain_rattle_fa_rotation__sev-0.438__seed-parity,O-FAPI3,combined,combined_strain_rattle_fa_rotation,0.4375,3663235565,parity,O-FAPI3_parity_42__combined_strain_rattle_fa_rotation__sev-0.2,0.7469893748176493,O-FAPI3/O-FAPI3_al_combined_03__combined_strain_rattle_fa_rotation__sev-0.438__seed-parity
O-FAPI3_al_combined_04__combined_strain_rattle_fa_rotation__sev-0.453__seed-new,O-FAPI3,combined,combined_strain_rattle_fa_rotation,0.4525,3854395481,new,,0.8360940328678037,O-FAPI3/O-FAPI3_al_combined_04__combined_strain_rattle_fa_rotation__sev-0.453__seed-new
O-FAPI3_al_combined_05__combined_strain_rattle_fa_rotation__sev-0.468__seed-new,O-FAPI3,combined,combined_strain_rattle_fa_rotation,0.4675,2205849989,new,,0.8026702877395635,O-FAPI3/O-FAPI3_al_combined_05__combined_strain_rattle_fa_rotation__sev-0.468__seed-new
O-FAPI3_al_combined_06__combined_strain_rattle_fa_rotation__sev-0.482__seed-new,O-FAPI3,combined,combined_strain_rattle_fa_rotation,0.4825,2035766449,new,,0.9087367464851167,O-FAPI3/O-FAPI3_al_combined_06__combined_strain_rattle_fa_rotation__sev-0.482__seed-new
O-FAPI3_al_combined_07__combined_strain_rattle_fa_rotation__sev-0.497__seed-new,O-FAPI3,combined,combined_strain_rattle_fa_rotation,0.4975,2861091372,new,,0.8368170103220377,O-FAPI3/O-FAPI3_al_combined_07__combined_strain_rattle_fa_rotation__sev-0.497__seed-new
O-FAPI3_al_combined_08__combined_strain_rattle_fa_rotation__sev-0.512__seed-parity,O-FAPI3,combined,combined_strain_rattle_fa_rotation,0.5125,4222874943,parity,O-FAPI3_parity_44__combined_strain_rattle_fa_rotation__sev-0.4,0.7896145638369485,O-FAPI3/O-FAPI3_al_combined_08__combined_strain_rattle_fa_rotation__sev-0.512__seed-parity
O-FAPI3_al_combined_09__combined_strain_rattle_fa_rotation__sev-0.527__seed-new,O-FAPI3,combined,combined_strain_rattle_fa_rotation,0.5275,1735771584,new,,0.8790428053521913,O-FAPI3/O-FAPI3_al_combined_09__combined_strain_rattle_fa_rotation__sev-0.527__seed-new
O-FAPI3_al_combined_10__combined_strain_rattle_fa_rotation__sev-0.542__seed-new,O-FAPI3,combined,combined_strain_rattle_fa_rotation,0.5425,4198872199,new,,0.7209619346548377,O-FAPI3/O-FAPI3_al_combined_10__combined_strain_rattle_fa_rotation__sev-0.542__seed-new
O-FAPI3_al_combined_11__combined_strain_rattle_fa_rotation__sev-0.557__seed-new,O-FAPI3,combined,combined_strain_rattle_fa_rotation,0.5575,1922154077,new,,0.881148461151957,O-FAPI3/O-FAPI3_al_combined_11__combined_strain_rattle_fa_rotation__sev-0.557__seed-new
O-FAPI3_al_combined_12__combined_strain_rattle_fa_rotation__sev-0.573__seed-new,O-FAPI3,combined,combined_strain_rattle_fa_rotation,0.5725,1728452832,new,,0.7157302758572414,O-FAPI3/O-FAPI3_al_combined_12__combined_strain_rattle_fa_rotation__sev-0.573__seed-new
O-FAPI3_al_combined_13__combined_strain_rattle_fa_rotation__sev-0.588__seed-parity,O-FAPI3,combined,combined_strain_rattle_fa_rotation,0.5875,502609238,parity,O-FAPI3_parity_47__combined_strain_rattle_fa_rotation__sev-0.7,0.7880990040058341,O-FAPI3/O-FAPI3_al_combined_13__combined_strain_rattle_fa_rotation__sev-0.588__seed-parity
O-FAPI3_al_combined_14__combined_strain_rattle_fa_rotation__sev-0.603__seed-new,O-FAPI3,combined,combined_strain_rattle_fa_rotation,0.6025,288956641,new,,0.7695242351161835,O-FAPI3/O-FAPI3_al_combined_14__combined_strain_rattle_fa_rotation__sev-0.603__seed-new
O-FAPI3_al_combined_15__combined_strain_rattle_fa_rotation__sev-0.618__seed-new,O-FAPI3,combined,combined_strain_rattle_fa_rotation,0.6175,3566607901,new,,0.6764837181913561,O-FAPI3/O-FAPI3_al_combined_15__combined_strain_rattle_fa_rotation__sev-0.618__seed-new
O-FAPI3_al_combined_16__combined_strain_rattle_fa_rotation__sev-0.632__seed-new,O-FAPI3,combined,combined_strain_rattle_fa_rotation,0.6325,3156114134,new,,0.7312217207551244,O-FAPI3/O-FAPI3_al_combined_16__combined_strain_rattle_fa_rotation__sev-0.632__seed-new
O-FAPI3_al_combined_17__combined_strain_rattle_fa_rotation__sev-0.647__seed-new,O-FAPI3,combined,combined_strain_rattle_fa_rotation,0.6475,516255582,new,,0.6825668066347511,O-FAPI3/O-FAPI3_al_combined_17__combined_strain_rattle_fa_rotation__sev-0.647__seed-new
O-FAPI3_al_combined_18__combined_strain_rattle_fa_rotation__sev-0.662__seed-parity,O-FAPI3,combined,combined_strain_rattle_fa_rotation,0.6625,801589023,parity,O-FAPI3_parity_49__combined_strain_rattle_fa_rotation__sev-0.9,0.8067795521538363,O-FAPI3/O-FAPI3_al_combined_18__combined_strain_rattle_fa_rotation__sev-0.662__seed-parity
O-FAPI3_al_combined_19__combined_strain_rattle_fa_rotation__sev-0.677__seed-new,O-FAPI3,combined,combined_strain_rattle_fa_rotation,0.6775,3053778016,new,,0.734130029590615,O-FAPI3/O-FAPI3_al_combined_19__combined_strain_rattle_fa_rotation__sev-0.677__seed-new
O-FAPI3_al_combined_20__combined_strain_rattle_fa_rotation__sev-0.693__seed-new,O-FAPI3,combined,combined_strain_rattle_fa_rotation,0.6925,1516533322,new,,0.6547657619764132,O-FAPI3/O-FAPI3_al_combined_20__combined_strain_rattle_fa_rotation__sev-0.693__seed-new
